uf,year,population,source,status
AC,2015,826677,"IBGE Projeções da População, Revisão 2024, população em 1º de julho",estimativa/projeção revisada
AL,2015,3181178,"IBGE Projeções da População, Revisão 2024, população em 1º de julho",estimativa/projeção revisada
AM,2015,3859110,"IBGE Projeções da População, Revisão 2024, população em 1º de julho",estimativa/projeção revisada
AP,2015,747050,"IBGE Projeções da População, Revisão 2024, população em 1º de julho",estimativa/projeção revisada
BA,2015,14470447,"IBGE Projeções da População, Revisão 2024, população em 1º de julho",estimativa/projeção revisada
CE,2015,8816218,"IBGE Projeções da População, Revisão 2024, população em 1º de julho",estimativa/projeção revisada
DF,2015,2794821,"IBGE Projeções da População, Revisão 2024, população em 1º de julho",estimativa/projeção revisada
ES,2015,3834033,"IBGE Projeções da População, Revisão 2024, população em 1º de julho",estimativa/projeção revisada
GO,2015,6630429,"IBGE Projeções da População, Revisão 2024, população em 1º de julho",estimativa/projeção revisada
MA,2015,6831416,"IBGE Projeções da População, Revisão 2024, população em 1º de julho",estimativa/projeção revisada
MG,2015,20470203,"IBGE Projeções da População, Revisão 2024, população em 1º de julho",estimativa/projeção revisada
MS,2015,2652939,"IBGE Projeções da População, Revisão 2024, população em 1º de julho",estimativa/projeção revisada
MT,2015,3327512,"IBGE Projeções da População, Revisão 2024, população em 1º de julho",estimativa/projeção revisada
PA,2015,8131409,"IBGE Projeções da População, Revisão 2024, população em 1º de julho",estimativa/projeção revisada
PB,2015,3932039,"IBGE Projeções da População, Revisão 2024, população em 1º de julho",estimativa/projeção revisada
PE,2015,9213107,"IBGE Projeções da População, Revisão 2024, população em 1º de julho",estimativa/projeção revisada
PI,2015,3255812,"IBGE Projeções da População, Revisão 2024, população em 1º de julho",estimativa/projeção revisada
PR,2015,11101864,"IBGE Projeções da População, Revisão 2024, população em 1º de julho",estimativa/projeção revisada
RJ,2015,16971856,"IBGE Projeções da População, Revisão 2024, população em 1º de julho",estimativa/projeção revisada
RN,2015,3322012,"IBGE Projeções da População, Revisão 2024, população em 1º de julho",estimativa/projeção revisada
RO,2015,1666906,"IBGE Projeções da População, Revisão 2024, população em 1º de julho",estimativa/projeção revisada
RR,2015,534380,"IBGE Projeções da População, Revisão 2024, população em 1º de julho",estimativa/projeção revisada
RS,2015,11070711,"IBGE Projeções da População, Revisão 2024, população em 1º de julho",estimativa/projeção revisada
SC,2015,6889914,"IBGE Projeções da População, Revisão 2024, população em 1º de julho",estimativa/projeção revisada
SE,2015,2182252,"IBGE Projeções da População, Revisão 2024, população em 1º de julho",estimativa/projeção revisada
SP,2015,44217931,"IBGE Projeções da População, Revisão 2024, população em 1º de julho",estimativa/projeção revisada
TO,2015,1471416,"IBGE Projeções da População, Revisão 2024, população em 1º de julho",estimativa/projeção revisada
AC,2016,836294,"IBGE Projeções da População, Revisão 2024, população em 1º de julho",estimativa/projeção revisada
AL,2016,3187906,"IBGE Projeções da População, Revisão 2024, população em 1º de julho",estimativa/projeção revisada
AM,2016,3914566,"IBGE Projeções da População, Revisão 2024, população em 1º de julho",estimativa/projeção revisada
AP,2016,756948,"IBGE Projeções da População, Revisão 2024, população em 1º de julho",estimativa/projeção revisada
BA,2016,14527076,"IBGE Projeções da População, Revisão 2024, população em 1º de julho",estimativa/projeção revisada
CE,2016,8873158,"IBGE Projeções da População, Revisão 2024, população em 1º de julho",estimativa/projeção revisada
DF,2016,2823570,"IBGE Projeções da População, Revisão 2024, população em 1º de julho",estimativa/projeção revisada
ES,2016,3870870,"IBGE Projeções da População, Revisão 2024, população em 1º de julho",estimativa/projeção revisada
GO,2016,6720503,"IBGE Projeções da População, Revisão 2024, população em 1º de julho",estimativa/projeção revisada
MA,2016,6863878,"IBGE Projeções da População, Revisão 2024, população em 1º de julho",estimativa/projeção revisada
MG,2016,20588168,"IBGE Projeções da População, Revisão 2024, população em 1º de julho",estimativa/projeção revisada
MS,2016,2684756,"IBGE Projeções da População, Revisão 2024, população em 1º de julho",estimativa/projeção revisada
MT,2016,3380091,"IBGE Projeções da População, Revisão 2024, população em 1º de julho",estimativa/projeção revisada
PA,2016,8207830,"IBGE Projeções da População, Revisão 2024, população em 1º de julho",estimativa/projeção revisada
PB,2016,3957455,"IBGE Projeções da População, Revisão 2024, população em 1º de julho",estimativa/projeção revisada
PE,2016,9262684,"IBGE Projeções da População, Revisão 2024, população em 1º de julho",estimativa/projeção revisada
PI,2016,3271094,"IBGE Projeções da População, Revisão 2024, população em 1º de julho",estimativa/projeção revisada
PR,2016,11195664,"IBGE Projeções da População, Revisão 2024, população em 1º de julho",estimativa/projeção revisada
RJ,2016,17043727,"IBGE Projeções da População, Revisão 2024, população em 1º de julho",estimativa/projeção revisada
RN,2016,3342283,"IBGE Projeções da População, Revisão 2024, população em 1º de julho",estimativa/projeção revisada
RO,2016,1680084,"IBGE Projeções da População, Revisão 2024, população em 1º de julho",estimativa/projeção revisada
RR,2016,548233,"IBGE Projeções da População, Revisão 2024, população em 1º de julho",estimativa/projeção revisada
RS,2016,11109776,"IBGE Projeções da População, Revisão 2024, população em 1º de julho",estimativa/projeção revisada
SC,2016,7011473,"IBGE Projeções da População, Revisão 2024, população em 1º de julho",estimativa/projeção revisada
SE,2016,2198312,"IBGE Projeções da População, Revisão 2024, população em 1º de julho",estimativa/projeção revisada
SP,2016,44530110,"IBGE Projeções da População, Revisão 2024, população em 1º de julho",estimativa/projeção revisada
TO,2016,1485416,"IBGE Projeções da População, Revisão 2024, população em 1º de julho",estimativa/projeção revisada
AC,2017,844496,"IBGE Projeções da População, Revisão 2024, população em 1º de julho",estimativa/projeção revisada
AL,2017,3193155,"IBGE Projeções da População, Revisão 2024, população em 1º de julho",estimativa/projeção revisada
AM,2017,3966332,"IBGE Projeções da População, Revisão 2024, população em 1º de julho",estimativa/projeção revisada
AP,2017,765558,"IBGE Projeções da População, Revisão 2024, população em 1º de julho",estimativa/projeção revisada
BA,2017,14578692,"IBGE Projeções da População, Revisão 2024, população em 1º de julho",estimativa/projeção revisada
CE,2017,8924184,"IBGE Projeções da População, Revisão 2024, população em 1º de julho",estimativa/projeção revisada
DF,2017,2850314,"IBGE Projeções da População, Revisão 2024, população em 1º de julho",estimativa/projeção revisada
ES,2017,3904551,"IBGE Projeções da População, Revisão 2024, população em 1º de julho",estimativa/projeção revisada
GO,2017,6805532,"IBGE Projeções da População, Revisão 2024, população em 1º de julho",estimativa/projeção revisada
MA,2017,6890375,"IBGE Projeções da População, Revisão 2024, população em 1º de julho",estimativa/projeção revisada
MG,2017,20695003,"IBGE Projeções da População, Revisão 2024, população em 1º de julho",estimativa/projeção revisada
MS,2017,2715557,"IBGE Projeções da População, Revisão 2024, população em 1º de julho",estimativa/projeção revisada
MT,2017,3433278,"IBGE Projeções da População, Revisão 2024, população em 1º de julho",estimativa/projeção revisada
PA,2017,8275842,"IBGE Projeções da População, Revisão 2024, população em 1º de julho",estimativa/projeção revisada
PB,2017,3981512,"IBGE Projeções da População, Revisão 2024, população em 1º de julho",estimativa/projeção revisada
PE,2017,9304183,"IBGE Projeções da População, Revisão 2024, população em 1º de julho",estimativa/projeção revisada
PI,2017,3285746,"IBGE Projeções da População, Revisão 2024, população em 1º de julho",estimativa/projeção revisada
PR,2017,11285193,"IBGE Projeções da População, Revisão 2024, população em 1º de julho",estimativa/projeção revisada
RJ,2017,17100398,"IBGE Projeções da População, Revisão 2024, população em 1º de julho",estimativa/projeção revisada
RN,2017,3359217,"IBGE Projeções da População, Revisão 2024, população em 1º de julho",estimativa/projeção revisada
RO,2017,1691568,"IBGE Projeções da População, Revisão 2024, população em 1º de julho",estimativa/projeção revisada
RR,2017,564013,"IBGE Projeções da População, Revisão 2024, população em 1º de julho",estimativa/projeção revisada
RS,2017,11141074,"IBGE Projeções da População, Revisão 2024, população em 1º de julho",estimativa/projeção revisada
SC,2017,7135459,"IBGE Projeções da População, Revisão 2024, população em 1º de julho",estimativa/projeção revisada
SE,2017,2212722,"IBGE Projeções da População, Revisão 2024, população em 1º de julho",estimativa/projeção revisada
SP,2017,44809066,"IBGE Projeções da População, Revisão 2024, população em 1º de julho",estimativa/projeção revisada
TO,2017,1498537,"IBGE Projeções da População, Revisão 2024, população em 1º de julho",estimativa/projeção revisada
AC,2018,851504,"IBGE Projeções da População, Revisão 2024, população em 1º de julho",estimativa/projeção revisada
AL,2018,3200128,"IBGE Projeções da População, Revisão 2024, população em 1º de julho",estimativa/projeção revisada
AM,2018,4018483,"IBGE Projeções da População, Revisão 2024, população em 1º de julho",estimativa/projeção revisada
AP,2018,772784,"IBGE Projeções da População, Revisão 2024, população em 1º de julho",estimativa/projeção revisada
BA,2018,14632652,"IBGE Projeções da População, Revisão 2024, população em 1º de julho",estimativa/projeção revisada
CE,2018,8976628,"IBGE Projeções da População, Revisão 2024, população em 1º de julho",estimativa/projeção revisada
DF,2018,2875413,"IBGE Projeções da População, Revisão 2024, população em 1º de julho",estimativa/projeção revisada
ES,2018,3937119,"IBGE Projeções da População, Revisão 2024, população em 1º de julho",estimativa/projeção revisada
GO,2018,6888446,"IBGE Projeções da População, Revisão 2024, população em 1º de julho",estimativa/projeção revisada
MA,2018,6917016,"IBGE Projeções da População, Revisão 2024, população em 1º de julho",estimativa/projeção revisada
MG,2018,20801238,"IBGE Projeções da População, Revisão 2024, população em 1º de julho",estimativa/projeção revisada
MS,2018,2746161,"IBGE Projeções da População, Revisão 2024, população em 1º de julho",estimativa/projeção revisada
MT,2018,3490648,"IBGE Projeções da População, Revisão 2024, população em 1º de julho",estimativa/projeção revisada
PA,2018,8339467,"IBGE Projeções da População, Revisão 2024, população em 1º de julho",estimativa/projeção revisada
PB,2018,4008413,"IBGE Projeções da População, Revisão 2024, população em 1º de julho",estimativa/projeção revisada
PE,2018,9348293,"IBGE Projeções da População, Revisão 2024, população em 1º de julho",estimativa/projeção revisada
PI,2018,3302227,"IBGE Projeções da População, Revisão 2024, população em 1º de julho",estimativa/projeção revisada
PR,2018,11373980,"IBGE Projeções da População, Revisão 2024, população em 1º de julho",estimativa/projeção revisada
RJ,2018,17148943,"IBGE Projeções da População, Revisão 2024, população em 1º de julho",estimativa/projeção revisada
RN,2018,3375511,"IBGE Projeções da População, Revisão 2024, população em 1º de julho",estimativa/projeção revisada
RO,2018,1701892,"IBGE Projeções da População, Revisão 2024, população em 1º de julho",estimativa/projeção revisada
RR,2018,587497,"IBGE Projeções da População, Revisão 2024, população em 1º de julho",estimativa/projeção revisada
RS,2018,11167531,"IBGE Projeções da População, Revisão 2024, população em 1º de julho",estimativa/projeção revisada
SC,2018,7266127,"IBGE Projeções da População, Revisão 2024, população em 1º de julho",estimativa/projeção revisada
SE,2018,2227068,"IBGE Projeções da População, Revisão 2024, população em 1º de julho",estimativa/projeção revisada
SP,2018,45062167,"IBGE Projeções da População, Revisão 2024, população em 1º de julho",estimativa/projeção revisada
TO,2018,1511702,"IBGE Projeções da População, Revisão 2024, população em 1º de julho",estimativa/projeção revisada
AC,2019,857919,"IBGE Projeções da População, Revisão 2024, população em 1º de julho",estimativa/projeção revisada
AL,2019,3208704,"IBGE Projeções da População, Revisão 2024, população em 1º de julho",estimativa/projeção revisada
AM,2019,4073280,"IBGE Projeções da População, Revisão 2024, população em 1º de julho",estimativa/projeção revisada
AP,2019,779468,"IBGE Projeções da População, Revisão 2024, população em 1º de julho",estimativa/projeção revisada
BA,2019,14693250,"IBGE Projeções da População, Revisão 2024, população em 1º de julho",estimativa/projeção revisada
CE,2019,9035631,"IBGE Projeções da População, Revisão 2024, população em 1º de julho",estimativa/projeção revisada
DF,2019,2899708,"IBGE Projeções da População, Revisão 2024, população em 1º de julho",estimativa/projeção revisada
ES,2019,3970009,"IBGE Projeções da População, Revisão 2024, população em 1º de julho",estimativa/projeção revisada
GO,2019,6974736,"IBGE Projeções da População, Revisão 2024, população em 1º de julho",estimativa/projeção revisada
MA,2019,6946725,"IBGE Projeções da População, Revisão 2024, população em 1º de julho",estimativa/projeção revisada
MG,2019,20916751,"IBGE Projeções da População, Revisão 2024, população em 1º de julho",estimativa/projeção revisada
MS,2019,2777028,"IBGE Projeções da População, Revisão 2024, população em 1º de julho",estimativa/projeção revisada
MT,2019,3551996,"IBGE Projeções da População, Revisão 2024, população em 1º de julho",estimativa/projeção revisada
PA,2019,8404430,"IBGE Projeções da População, Revisão 2024, população em 1º de julho",estimativa/projeção revisada
PB,2019,4037810,"IBGE Projeções da População, Revisão 2024, população em 1º de julho",estimativa/projeção revisada
PE,2019,9396505,"IBGE Projeções da População, Revisão 2024, população em 1º de julho",estimativa/projeção revisada
PI,2019,3320228,"IBGE Projeções da População, Revisão 2024, população em 1º de julho",estimativa/projeção revisada
PR,2019,11468227,"IBGE Projeções da População, Revisão 2024, população em 1º de julho",estimativa/projeção revisada
RJ,2019,17193919,"IBGE Projeções da População, Revisão 2024, população em 1º de julho",estimativa/projeção revisada
RN,2019,3392434,"IBGE Projeções da População, Revisão 2024, população em 1º de julho",estimativa/projeção revisada
RO,2019,1712560,"IBGE Projeções da População, Revisão 2024, população em 1º de julho",estimativa/projeção revisada
RR,2019,618125,"IBGE Projeções da População, Revisão 2024, população em 1º de julho",estimativa/projeção revisada
RS,2019,11194346,"IBGE Projeções da População, Revisão 2024, população em 1º de julho",estimativa/projeção revisada
SC,2019,7403723,"IBGE Projeções da População, Revisão 2024, população em 1º de julho",estimativa/projeção revisada
SE,2019,2241300,"IBGE Projeções da População, Revisão 2024, população em 1º de julho",estimativa/projeção revisada
SP,2019,45306139,"IBGE Projeções da População, Revisão 2024, população em 1º de julho",estimativa/projeção revisada
TO,2019,1525148,"IBGE Projeções da População, Revisão 2024, população em 1º de julho",estimativa/projeção revisada
AC,2020,863657,"IBGE Projeções da População, Revisão 2024, população em 1º de julho",estimativa/projeção revisada
AL,2020,3214823,"IBGE Projeções da População, Revisão 2024, população em 1º de julho",estimativa/projeção revisada
AM,2020,4121226,"IBGE Projeções da População, Revisão 2024, população em 1º de julho",estimativa/projeção revisada
AP,2020,785533,"IBGE Projeções da População, Revisão 2024, população em 1º de julho",estimativa/projeção revisada
BA,2020,14748551,"IBGE Projeções da População, Revisão 2024, população em 1º de julho",estimativa/projeção revisada
CE,2020,9088929,"IBGE Projeções da População, Revisão 2024, população em 1º de julho",estimativa/projeção revisada
DF,2020,2921417,"IBGE Projeções da População, Revisão 2024, população em 1º de julho",estimativa/projeção revisada
ES,2020,4001467,"IBGE Projeções da População, Revisão 2024, população em 1º de julho",estimativa/projeção revisada
GO,2020,7060290,"IBGE Projeções da População, Revisão 2024, população em 1º de julho",estimativa/projeção revisada
MA,2020,6970988,"IBGE Projeções da População, Revisão 2024, população em 1º de julho",estimativa/projeção revisada
MG,2020,21032009,"IBGE Projeções da População, Revisão 2024, população em 1º de julho",estimativa/projeção revisada
MS,2020,2806866,"IBGE Projeções da População, Revisão 2024, população em 1º de julho",estimativa/projeção revisada
MT,2020,3611987,"IBGE Projeções da População, Revisão 2024, população em 1º de julho",estimativa/projeção revisada
PA,2020,8465192,"IBGE Projeções da População, Revisão 2024, população em 1º de julho",estimativa/projeção revisada
PB,2020,4064935,"IBGE Projeções da População, Revisão 2024, população em 1º de julho",estimativa/projeção revisada
PE,2020,9438962,"IBGE Projeções da População, Revisão 2024, população em 1º de julho",estimativa/projeção revisada
PI,2020,3335863,"IBGE Projeções da População, Revisão 2024, população em 1º de julho",estimativa/projeção revisada
PR,2020,11560987,"IBGE Projeções da População, Revisão 2024, população em 1º de julho",estimativa/projeção revisada
RJ,2020,17222305,"IBGE Projeções da População, Revisão 2024, população em 1º de julho",estimativa/projeção revisada
RN,2020,3407618,"IBGE Projeções da População, Revisão 2024, população em 1º de julho",estimativa/projeção revisada
RO,2020,1722753,"IBGE Projeções da População, Revisão 2024, população em 1º de julho",estimativa/projeção revisada
RR,2020,640975,"IBGE Projeções da População, Revisão 2024, população em 1º de julho",estimativa/projeção revisada
RS,2020,11220286,"IBGE Projeções da População, Revisão 2024, população em 1º de julho",estimativa/projeção revisada
SC,2020,7541975,"IBGE Projeções da População, Revisão 2024, população em 1º de julho",estimativa/projeção revisada
SE,2020,2254218,"IBGE Projeções da População, Revisão 2024, população em 1º de julho",estimativa/projeção revisada
SP,2020,45523191,"IBGE Projeções da População, Revisão 2024, população em 1º de julho",estimativa/projeção revisada
TO,2020,1537886,"IBGE Projeções da População, Revisão 2024, população em 1º de julho",estimativa/projeção revisada
AC,2021,868346,"IBGE Projeções da População, Revisão 2024, população em 1º de julho",estimativa/projeção revisada
AL,2021,3217819,"IBGE Projeções da População, Revisão 2024, população em 1º de julho",estimativa/projeção revisada
AM,2021,4160013,"IBGE Projeções da População, Revisão 2024, população em 1º de julho",estimativa/projeção revisada
AP,2021,790871,"IBGE Projeções da População, Revisão 2024, população em 1º de julho",estimativa/projeção revisada
BA,2021,14788270,"IBGE Projeções da População, Revisão 2024, população em 1º de julho",estimativa/projeção revisada
CE,2021,9129520,"IBGE Projeções da População, Revisão 2024, população em 1º de julho",estimativa/projeção revisada
DF,2021,2938025,"IBGE Projeções da População, Revisão 2024, população em 1º de julho",estimativa/projeção revisada
ES,2021,4027541,"IBGE Projeções da População, Revisão 2024, população em 1º de julho",estimativa/projeção revisada
GO,2021,7133954,"IBGE Projeções da População, Revisão 2024, população em 1º de julho",estimativa/projeção revisada
MA,2021,6988154,"IBGE Projeções da População, Revisão 2024, população em 1º de julho",estimativa/projeção revisada
MG,2021,21117017,"IBGE Projeções da População, Revisão 2024, população em 1º de julho",estimativa/projeção revisada
MS,2021,2831943,"IBGE Projeções da População, Revisão 2024, população em 1º de julho",estimativa/projeção revisada
MT,2021,3666669,"IBGE Projeções da População, Revisão 2024, população em 1º de julho",estimativa/projeção revisada
PA,2021,8520153,"IBGE Projeções da População, Revisão 2024, população em 1º de julho",estimativa/projeção revisada
PB,2021,4087783,"IBGE Projeções da População, Revisão 2024, população em 1º de julho",estimativa/projeção revisada
PE,2021,9470176,"IBGE Projeções da População, Revisão 2024, população em 1º de julho",estimativa/projeção revisada
PI,2021,3347856,"IBGE Projeções da População, Revisão 2024, população em 1º de julho",estimativa/projeção revisada
PR,2021,11630298,"IBGE Projeções da População, Revisão 2024, população em 1º de julho",estimativa/projeção revisada
RJ,2021,17220455,"IBGE Projeções da População, Revisão 2024, população em 1º de julho",estimativa/projeção revisada
RN,2021,3419382,"IBGE Projeções da População, Revisão 2024, população em 1º de julho",estimativa/projeção revisada
RO,2021,1729622,"IBGE Projeções da População, Revisão 2024, população em 1º de julho",estimativa/projeção revisada
RR,2021,654972,"IBGE Projeções da População, Revisão 2024, população em 1º de julho",estimativa/projeção revisada
RS,2021,11227789,"IBGE Projeções da População, Revisão 2024, população em 1º de julho",estimativa/projeção revisada
SC,2021,7671648,"IBGE Projeções da População, Revisão 2024, população em 1º de julho",estimativa/projeção revisada
SE,2021,2264937,"IBGE Projeções da População, Revisão 2024, população em 1º de julho",estimativa/projeção revisada
SP,2021,45651915,"IBGE Projeções da População, Revisão 2024, população em 1º de julho",estimativa/projeção revisada
TO,2021,1548514,"IBGE Projeções da População, Revisão 2024, população em 1º de julho",estimativa/projeção revisada
AC,2022,872566,"IBGE Projeções da População, Revisão 2024, população em 1º de julho",estimativa/projeção revisada
AL,2022,3218381,"IBGE Projeções da População, Revisão 2024, população em 1º de julho",estimativa/projeção revisada
AM,2022,4199791,"IBGE Projeções da População, Revisão 2024, população em 1º de julho",estimativa/projeção revisada
AP,2022,795457,"IBGE Projeções da População, Revisão 2024, população em 1º de julho",estimativa/projeção revisada
BA,2022,14811339,"IBGE Projeções da População, Revisão 2024, população em 1º de julho",estimativa/projeção revisada
CE,2022,9162955,"IBGE Projeções da População, Revisão 2024, população em 1º de julho",estimativa/projeção revisada
DF,2022,2952426,"IBGE Projeções da População, Revisão 2024, população em 1º de julho",estimativa/projeção revisada
ES,2022,4050913,"IBGE Projeções da População, Revisão 2024, população em 1º de julho",estimativa/projeção revisada
GO,2022,7201254,"IBGE Projeções da População, Revisão 2024, população em 1º de julho",estimativa/projeção revisada
MA,2022,6998087,"IBGE Projeções da População, Revisão 2024, população em 1º de julho",estimativa/projeção revisada
MG,2022,21178401,"IBGE Projeções da População, Revisão 2024, população em 1º de julho",estimativa/projeção revisada
MS,2022,2854377,"IBGE Projeções da População, Revisão 2024, população em 1º de julho",estimativa/projeção revisada
MT,2022,3720967,"IBGE Projeções da População, Revisão 2024, população em 1º de julho",estimativa/projeção revisada
PA,2022,8570045,"IBGE Projeções da População, Revisão 2024, população em 1º de julho",estimativa/projeção revisada
PB,2022,4106026,"IBGE Projeções da População, Revisão 2024, população em 1º de julho",estimativa/projeção revisada
PE,2022,9493026,"IBGE Projeções da População, Revisão 2024, população em 1º de julho",estimativa/projeção revisada
PI,2022,3357043,"IBGE Projeções da População, Revisão 2024, população em 1º de julho",estimativa/projeção revisada
PR,2022,11686692,"IBGE Projeções da População, Revisão 2024, população em 1º de julho",estimativa/projeção revisada
RJ,2022,17211760,"IBGE Projeções da População, Revisão 2024, população em 1º de julho",estimativa/projeção revisada
RN,2022,3427955,"IBGE Projeções da População, Revisão 2024, população em 1º de julho",estimativa/projeção revisada
RO,2022,1734648,"IBGE Projeções da População, Revisão 2024, população em 1º de julho",estimativa/projeção revisada
RR,2022,673404,"IBGE Projeções da População, Revisão 2024, população em 1º de julho",estimativa/projeção revisada
RS,2022,11220506,"IBGE Projeções da População, Revisão 2024, população em 1º de julho",estimativa/projeção revisada
SC,2022,7796817,"IBGE Projeções da População, Revisão 2024, população em 1º de julho",estimativa/projeção revisada
SE,2022,2273589,"IBGE Projeções da População, Revisão 2024, população em 1º de julho",estimativa/projeção revisada
SP,2022,45736978,"IBGE Projeções da População, Revisão 2024, população em 1º de julho",estimativa/projeção revisada
TO,2022,1557580,"IBGE Projeções da População, Revisão 2024, população em 1º de julho",estimativa/projeção revisada
AC,2023,876582,"IBGE Projeções da População, Revisão 2024, população em 1º de julho",estimativa/projeção revisada
AL,2023,3218607,"IBGE Projeções da População, Revisão 2024, população em 1º de julho",estimativa/projeção revisada
AM,2023,4240571,"IBGE Projeções da População, Revisão 2024, população em 1º de julho",estimativa/projeção revisada
AP,2023,799124,"IBGE Projeções da População, Revisão 2024, população em 1º de julho",estimativa/projeção revisada
BA,2023,14828806,"IBGE Projeções da População, Revisão 2024, população em 1º de julho",estimativa/projeção revisada
CE,2023,9196672,"IBGE Projeções da População, Revisão 2024, população em 1º de julho",estimativa/projeção revisada
DF,2023,2967543,"IBGE Projeções da População, Revisão 2024, população em 1º de julho",estimativa/projeção revisada
ES,2023,4076068,"IBGE Projeções da População, Revisão 2024, população em 1º de julho",estimativa/projeção revisada
GO,2023,7274463,"IBGE Projeções da População, Revisão 2024, população em 1º de julho",estimativa/projeção revisada
MA,2023,7003234,"IBGE Projeções da População, Revisão 2024, população em 1º de julho",estimativa/projeção revisada
MG,2023,21247401,"IBGE Projeções da População, Revisão 2024, população em 1º de julho",estimativa/projeção revisada
MS,2023,2878009,"IBGE Projeções da População, Revisão 2024, população em 1º de julho",estimativa/projeção revisada
MT,2023,3778389,"IBGE Projeções da População, Revisão 2024, população em 1º de julho",estimativa/projeção revisada
PA,2023,8616120,"IBGE Projeções da População, Revisão 2024, população em 1º de julho",estimativa/projeção revisada
PB,2023,4124468,"IBGE Projeções da População, Revisão 2024, população em 1º de julho",estimativa/projeção revisada
PE,2023,9514483,"IBGE Projeções da População, Revisão 2024, população em 1º de julho",estimativa/projeção revisada
PI,2023,3365881,"IBGE Projeções da População, Revisão 2024, população em 1º de julho",estimativa/projeção revisada
PR,2023,11753862,"IBGE Projeções da População, Revisão 2024, população em 1º de julho",estimativa/projeção revisada
RJ,2023,17213813,"IBGE Projeções da População, Revisão 2024, população em 1º de julho",estimativa/projeção revisada
RN,2023,3436278,"IBGE Projeções da População, Revisão 2024, população em 1º de julho",estimativa/projeção revisada
RO,2023,1740255,"IBGE Projeções da População, Revisão 2024, população em 1º de julho",estimativa/projeção revisada
RR,2023,695270,"IBGE Projeções da População, Revisão 2024, população em 1º de julho",estimativa/projeção revisada
RS,2023,11222292,"IBGE Projeções da População, Revisão 2024, população em 1º de julho",estimativa/projeção revisada
SC,2023,7927212,"IBGE Projeções da População, Revisão 2024, população em 1º de julho",estimativa/projeção revisada
SE,2023,2281994,"IBGE Projeções da População, Revisão 2024, população em 1º de julho",estimativa/projeção revisada
SP,2023,45850570,"IBGE Projeções da População, Revisão 2024, população em 1º de julho",estimativa/projeção revisada
TO,2023,1567191,"IBGE Projeções da População, Revisão 2024, população em 1º de julho",estimativa/projeção revisada
AC,2024,880631,"IBGE Projeções da População, Revisão 2024, população em 1º de julho",estimativa/projeção revisada
AL,2024,3220104,"IBGE Projeções da População, Revisão 2024, população em 1º de julho",estimativa/projeção revisada
AM,2024,4281209,"IBGE Projeções da População, Revisão 2024, população em 1º de julho",estimativa/projeção revisada
AP,2024,802837,"IBGE Projeções da População, Revisão 2024, população em 1º de julho",estimativa/projeção revisada
BA,2024,14850513,"IBGE Projeções da População, Revisão 2024, população em 1º de julho",estimativa/projeção revisada
CE,2024,9233656,"IBGE Projeções da População, Revisão 2024, população em 1º de julho",estimativa/projeção revisada
DF,2024,2982818,"IBGE Projeções da População, Revisão 2024, população em 1º de julho",estimativa/projeção revisada
ES,2024,4102129,"IBGE Projeções da População, Revisão 2024, população em 1º de julho",estimativa/projeção revisada
GO,2024,7350483,"IBGE Projeções da População, Revisão 2024, população em 1º de julho",estimativa/projeção revisada
MA,2024,7010960,"IBGE Projeções da População, Revisão 2024, população em 1º de julho",estimativa/projeção revisada
MG,2024,21322691,"IBGE Projeções da População, Revisão 2024, população em 1º de julho",estimativa/projeção revisada
MS,2024,2901895,"IBGE Projeções da População, Revisão 2024, população em 1º de julho",estimativa/projeção revisada
MT,2024,3836399,"IBGE Projeções da População, Revisão 2024, população em 1º de julho",estimativa/projeção revisada
PA,2024,8664306,"IBGE Projeções da População, Revisão 2024, população em 1º de julho",estimativa/projeção revisada
PB,2024,4145040,"IBGE Projeções da População, Revisão 2024, população em 1º de julho",estimativa/projeção revisada
PE,2024,9539029,"IBGE Projeções da População, Revisão 2024, população em 1º de julho",estimativa/projeção revisada
PI,2024,3375646,"IBGE Projeções da População, Revisão 2024, população em 1º de julho",estimativa/projeção revisada
PR,2024,11824665,"IBGE Projeções da População, Revisão 2024, população em 1º de julho",estimativa/projeção revisada
RJ,2024,17219679,"IBGE Projeções da População, Revisão 2024, população em 1º de julho",estimativa/projeção revisada
RN,2024,3446071,"IBGE Projeções da População, Revisão 2024, população em 1º de julho",estimativa/projeção revisada
RO,2024,1746227,"IBGE Projeções da População, Revisão 2024, população em 1º de julho",estimativa/projeção revisada
RR,2024,716793,"IBGE Projeções da População, Revisão 2024, população em 1º de julho",estimativa/projeção revisada
RS,2024,11229915,"IBGE Projeções da População, Revisão 2024, população em 1º de julho",estimativa/projeção revisada
SC,2024,8058441,"IBGE Projeções da População, Revisão 2024, população em 1º de julho",estimativa/projeção revisada
SE,2024,2291077,"IBGE Projeções da População, Revisão 2024, população em 1º de julho",estimativa/projeção revisada
SP,2024,45973194,"IBGE Projeções da População, Revisão 2024, população em 1º de julho",estimativa/projeção revisada
TO,2024,1577342,"IBGE Projeções da População, Revisão 2024, população em 1º de julho",estimativa/projeção revisada
AC,2025,884372,"IBGE Projeções da População, Revisão 2024, população em 1º de julho",estimativa/projeção revisada
AL,2025,3220848,"IBGE Projeções da População, Revisão 2024, população em 1º de julho",estimativa/projeção revisada
AM,2025,4321616,"IBGE Projeções da População, Revisão 2024, população em 1º de julho",estimativa/projeção revisada
AP,2025,806517,"IBGE Projeções da População, Revisão 2024, população em 1º de julho",estimativa/projeção revisada
BA,2025,14870907,"IBGE Projeções da População, Revisão 2024, população em 1º de julho",estimativa/projeção revisada
CE,2025,9268836,"IBGE Projeções da População, Revisão 2024, população em 1º de julho",estimativa/projeção revisada
DF,2025,2996899,"IBGE Projeções da População, Revisão 2024, população em 1º de julho",estimativa/projeção revisada
ES,2025,4126854,"IBGE Projeções da População, Revisão 2024, população em 1º de julho",estimativa/projeção revisada
GO,2025,7423629,"IBGE Projeções da População, Revisão 2024, população em 1º de julho",estimativa/projeção revisada
MA,2025,7018211,"IBGE Projeções da População, Revisão 2024, população em 1º de julho",estimativa/projeção revisada
MG,2025,21393441,"IBGE Projeções da População, Revisão 2024, população em 1º de julho",estimativa/projeção revisada
MS,2025,2924631,"IBGE Projeções da População, Revisão 2024, população em 1º de julho",estimativa/projeção revisada
MT,2025,3893659,"IBGE Projeções da População, Revisão 2024, população em 1º de julho",estimativa/projeção revisada
PA,2025,8711196,"IBGE Projeções da População, Revisão 2024, população em 1º de julho",estimativa/projeção revisada
PB,2025,4164468,"IBGE Projeções da População, Revisão 2024, população em 1º de julho",estimativa/projeção revisada
PE,2025,9562007,"IBGE Projeções da População, Revisão 2024, população em 1º de julho",estimativa/projeção revisada
PI,2025,3384547,"IBGE Projeções da População, Revisão 2024, população em 1º de julho",estimativa/projeção revisada
PR,2025,11890584,"IBGE Projeções da População, Revisão 2024, população em 1º de julho",estimativa/projeção revisada
RJ,2025,17223547,"IBGE Projeções da População, Revisão 2024, população em 1º de julho",estimativa/projeção revisada
RN,2025,3455236,"IBGE Projeções da População, Revisão 2024, população em 1º de julho",estimativa/projeção revisada
RO,2025,1751950,"IBGE Projeções da População, Revisão 2024, população em 1º de julho",estimativa/projeção revisada
RR,2025,738772,"IBGE Projeções da População, Revisão 2024, população em 1º de julho",estimativa/projeção revisada
RS,2025,11233263,"IBGE Projeções da População, Revisão 2024, população em 1º de julho",estimativa/projeção revisada
SC,2025,8186962,"IBGE Projeções da População, Revisão 2024, população em 1º de julho",estimativa/projeção revisada
SE,2025,2299425,"IBGE Projeções da População, Revisão 2024, população em 1º de julho",estimativa/projeção revisada
SP,2025,46081801,"IBGE Projeções da População, Revisão 2024, população em 1º de julho",estimativa/projeção revisada
TO,2025,1586859,"IBGE Projeções da População, Revisão 2024, população em 1º de julho",estimativa/projeção revisada
