crime,year,measurement_concept,comparability_class,reporting_ufs,population_coverage_pct,all_27_ufs_report,raw_reported_total,balanced_sample_ufs,balanced_sample_codes,balanced_sample_total,balanced_sample_population,balanced_sample_rate_per_100k
Homicídio doloso,2015,vítimas,COMPARABLE,26,98.10574900623577,0,45958,27,AC AL AM AP BA CE DF ES GO MA MG MS MT PA PB PE PI PR RJ RN RO RR RS SC SE SP TO,,202403642,
Homicídio doloso,2016,vítimas,COMPARABLE,27,100.0,1,51157,27,AC AL AM AP BA CE DF ES GO MA MG MS MT PA PB PE PI PR RJ RN RO RR RS SC SE SP TO,51157,203871925,25.092714457863682
Homicídio doloso,2017,vítimas,COMPARABLE,27,100.0,1,55881,27,AC AL AM AP BA CE DF ES GO MA MG MS MT PA PB PE PI PR RJ RN RO RR RS SC SE SP TO,55881,205211557,27.230922476749203
Homicídio doloso,2018,vítimas,COMPARABLE,27,100.0,1,48517,27,AC AL AM AP BA CE DF ES GO MA MG MS MT PA PB PE PI PR RJ RN RO RR RS SC SE SP TO,48517,206529038,23.49161186718935
Homicídio doloso,2019,vítimas,COMPARABLE,27,100.0,1,39228,27,AC AL AM AP BA CE DF ES GO MA MG MS MT PA PB PE PI PR RJ RN RO RR RS SC SE SP TO,39228,207900099,18.868677883602164
Homicídio doloso,2020,vítimas,COMPARABLE,27,100.0,1,41595,27,AC AL AM AP BA CE DF ES GO MA MG MS MT PA PB PE PI PR RJ RN RO RR RS SC SE SP TO,41595,209164889,19.886224786034717
Homicídio doloso,2021,vítimas,COMPARABLE,27,100.0,1,39286,27,AC AL AM AP BA CE DF ES GO MA MG MS MT PA PB PE PI PR RJ RN RO RR RS SC SE SP TO,39286,210103642,18.698390768495102
Homicídio doloso,2022,vítimas,COMPARABLE,27,100.0,1,38578,27,AC AL AM AP BA CE DF ES GO MA MG MS MT PA PB PE PI PR RJ RN RO RR RS SC SE SP TO,38578,210862983,18.295292730445723
Homicídio doloso,2023,vítimas,COMPARABLE,27,100.0,1,37339,27,AC AL AM AP BA CE DF ES GO MA MG MS MT PA PB PE PI PR RJ RN RO RR RS SC SE SP TO,37339,211695158,17.6380982695882
Homicídio doloso,2024,vítimas,COMPARABLE,27,100.0,1,35136,27,AC AL AM AP BA CE DF ES GO MA MG MS MT PA PB PE PI PR RJ RN RO RR RS SC SE SP TO,35136,212583750,16.528074229568347
Homicídio doloso,2025,vítimas,COMPARABLE,27,100.0,1,31492,27,AC AL AM AP BA CE DF ES GO MA MG MS MT PA PB PE PI PR RJ RN RO RR RS SC SE SP TO,31492,213421037,14.75580872564123
Latrocínio,2015,vítimas,COMPARABLE,26,98.10574900623577,0,2001,27,AC AL AM AP BA CE DF ES GO MA MG MS MT PA PB PE PI PR RJ RN RO RR RS SC SE SP TO,,202403642,
Latrocínio,2016,vítimas,COMPARABLE,27,100.0,1,2421,27,AC AL AM AP BA CE DF ES GO MA MG MS MT PA PB PE PI PR RJ RN RO RR RS SC SE SP TO,2421,203871925,1.187510246935668
Latrocínio,2017,vítimas,COMPARABLE,27,100.0,1,2349,27,AC AL AM AP BA CE DF ES GO MA MG MS MT PA PB PE PI PR RJ RN RO RR RS SC SE SP TO,2349,205211557,1.144672373398541
Latrocínio,2018,vítimas,COMPARABLE,27,100.0,1,1988,27,AC AL AM AP BA CE DF ES GO MA MG MS MT PA PB PE PI PR RJ RN RO RR RS SC SE SP TO,1988,206529038,0.9625765070382015
Latrocínio,2019,vítimas,COMPARABLE,27,100.0,1,1603,27,AC AL AM AP BA CE DF ES GO MA MG MS MT PA PB PE PI PR RJ RN RO RR RS SC SE SP TO,1603,207900099,0.7710434038802454
Latrocínio,2020,vítimas,COMPARABLE,27,100.0,1,1461,27,AC AL AM AP BA CE DF ES GO MA MG MS MT PA PB PE PI PR RJ RN RO RR RS SC SE SP TO,1461,209164889,0.6984919921239745
Latrocínio,2021,vítimas,COMPARABLE,27,100.0,1,1458,27,AC AL AM AP BA CE DF ES GO MA MG MS MT PA PB PE PI PR RJ RN RO RR RS SC SE SP TO,1458,210103642,0.6939432301701843
Latrocínio,2022,vítimas,COMPARABLE,27,100.0,1,1241,27,AC AL AM AP BA CE DF ES GO MA MG MS MT PA PB PE PI PR RJ RN RO RR RS SC SE SP TO,1241,210862983,0.5885338347888212
Latrocínio,2023,vítimas,COMPARABLE,27,100.0,1,1004,27,AC AL AM AP BA CE DF ES GO MA MG MS MT PA PB PE PI PR RJ RN RO RR RS SC SE SP TO,1004,211695158,0.47426687010007096
Latrocínio,2024,vítimas,COMPARABLE,27,100.0,1,967,27,AC AL AM AP BA CE DF ES GO MA MG MS MT PA PB PE PI PR RJ RN RO RR RS SC SE SP TO,967,212583750,0.4548795474724667
Latrocínio,2025,vítimas,COMPARABLE,27,100.0,1,799,27,AC AL AM AP BA CE DF ES GO MA MG MS MT PA PB PE PI PR RJ RN RO RR RS SC SE SP TO,799,213421037,0.3743773393810283
Tentativa de homicídio,2015,vítimas,COMPARABLE,26,98.10574900623577,0,44296,27,AC AL AM AP BA CE DF ES GO MA MG MS MT PA PB PE PI PR RJ RN RO RR RS SC SE SP TO,,202403642,
Tentativa de homicídio,2016,vítimas,COMPARABLE,27,100.0,1,45002,27,AC AL AM AP BA CE DF ES GO MA MG MS MT PA PB PE PI PR RJ RN RO RR RS SC SE SP TO,45002,203871925,22.073662177859948
Tentativa de homicídio,2017,vítimas,COMPARABLE,27,100.0,1,43316,27,AC AL AM AP BA CE DF ES GO MA MG MS MT PA PB PE PI PR RJ RN RO RR RS SC SE SP TO,43316,205211557,21.10797297834449
Tentativa de homicídio,2018,vítimas,COMPARABLE,27,100.0,1,41399,27,AC AL AM AP BA CE DF ES GO MA MG MS MT PA PB PE PI PR RJ RN RO RR RS SC SE SP TO,41399,206529038,20.045123146315145
Tentativa de homicídio,2019,vítimas,COMPARABLE,27,100.0,1,42354,27,AC AL AM AP BA CE DF ES GO MA MG MS MT PA PB PE PI PR RJ RN RO RR RS SC SE SP TO,42354,207900099,20.372284671206433
Tentativa de homicídio,2020,vítimas,COMPARABLE,27,100.0,1,38296,27,AC AL AM AP BA CE DF ES GO MA MG MS MT PA PB PE PI PR RJ RN RO RR RS SC SE SP TO,38296,209164889,18.3090002261326
Tentativa de homicídio,2021,vítimas,COMPARABLE,27,100.0,1,36004,27,AC AL AM AP BA CE DF ES GO MA MG MS MT PA PB PE PI PR RJ RN RO RR RS SC SE SP TO,36004,210103642,17.136304567247816
Tentativa de homicídio,2022,vítimas,COMPARABLE,27,100.0,1,36862,27,AC AL AM AP BA CE DF ES GO MA MG MS MT PA PB PE PI PR RJ RN RO RR RS SC SE SP TO,36862,210862983,17.481494132139826
Tentativa de homicídio,2023,vítimas,COMPARABLE,27,100.0,1,35207,27,AC AL AM AP BA CE DF ES GO MA MG MS MT PA PB PE PI PR RJ RN RO RR RS SC SE SP TO,35207,211695158,16.630989736666532
Tentativa de homicídio,2024,vítimas,COMPARABLE,27,100.0,1,36973,27,AC AL AM AP BA CE DF ES GO MA MG MS MT PA PB PE PI PR RJ RN RO RR RS SC SE SP TO,36973,212583750,17.392204248913664
Tentativa de homicídio,2025,vítimas,COMPARABLE,27,100.0,1,33917,27,AC AL AM AP BA CE DF ES GO MA MG MS MT PA PB PE PI PR RJ RN RO RR RS SC SE SP TO,33917,213421037,15.892060350170635
Furto de veículo,2015,ocorrências,LIMITED_COVERAGE,22,88.67244542961336,0,239764,22,AL AM AP BA CE DF MA MG MS MT PA PB PE PI RJ RN RR RS SC SE SP TO,,178343733,
Furto de veículo,2016,ocorrências,LIMITED_COVERAGE,23,88.90316506306594,0,250367,22,AL AM AP BA CE DF MA MG MS MT PA PB PE PI RJ RN RR RS SC SE SP TO,246810,179568510,137.44614799109266
Furto de veículo,2017,ocorrências,LIMITED_COVERAGE,25,97.68577994854354,0,265631,22,AL AM AP BA CE DF MA MG MS MT PA PB PE PI RJ RN RR RS SC SE SP TO,232074,180680217,128.44460995970576
Furto de veículo,2018,ocorrências,LIMITED_COVERAGE,26,99.58770737120268,0,248059,22,AL AM AP BA CE DF MA MG MS MT PA PB PE PI RJ RN RR RS SC SE SP TO,211486,181776097,116.34422979166507
Furto de veículo,2019,ocorrências,LIMITED_COVERAGE,26,99.17625820851582,0,229956,22,AL AM AP BA CE DF MA MG MS MT PA PB PE PI RJ RN RR RS SC SE SP TO,198236,182916648,108.37504522825063
Furto de veículo,2020,ocorrências,LIMITED_COVERAGE,26,99.17636606782509,0,177982,22,AL AM AP BA CE DF MA MG MS MT PA PB PE PI RJ RN RR RS SC SE SP TO,154113,183955735,83.77721955773762
Furto de veículo,2021,ocorrências,LIMITED_COVERAGE,27,100.0,1,192858,22,AL AM AP BA CE DF MA MG MS MT PA PB PE PI RJ RN RR RS SC SE SP TO,168428,184713881,91.1831850904589
Furto de veículo,2022,ocorrências,LIMITED_COVERAGE,27,100.0,1,229487,22,AL AM AP BA CE DF MA MG MS MT PA PB PE PI RJ RN RR RS SC SE SP TO,202414,185316910,109.22586611227221
Furto de veículo,2023,ocorrências,LIMITED_COVERAGE,27,100.0,1,221250,22,AL AM AP BA CE DF MA MG MS MT PA PB PE PI RJ RN RR RS SC SE SP TO,197049,185973928,105.95517453392715
Furto de veículo,2024,ocorrências,LIMITED_COVERAGE,27,100.0,1,215808,22,AL AM AP BA CE DF MA MG MS MT PA PB PE PI RJ RN RR RS SC SE SP TO,194808,186679615,104.35418993123594
Furto de veículo,2025,ocorrências,LIMITED_COVERAGE,27,100.0,1,201831,22,AL AM AP BA CE DF MA MG MS MT PA PB PE PI RJ RN RR RS SC SE SP TO,183841,187343648,98.13036201793189
Roubo de veículo,2015,ocorrências,LIMITED_COVERAGE,22,88.67244542961336,0,224206,22,AL AM AP BA CE DF MA MG MS MT PA PB PE PI RJ RN RR RS SC SE SP TO,,178343733,
Roubo de veículo,2016,ocorrências,LIMITED_COVERAGE,23,88.90316506306594,0,252445,22,AL AM AP BA CE DF MA MG MS MT PA PB PE PI RJ RN RR RS SC SE SP TO,250540,179568510,139.52334961179997
Roubo de veículo,2017,ocorrências,LIMITED_COVERAGE,25,97.68577994854354,0,283787,22,AL AM AP BA CE DF MA MG MS MT PA PB PE PI RJ RN RR RS SC SE SP TO,256057,180680217,141.71833765287099
Roubo de veículo,2018,ocorrências,LIMITED_COVERAGE,26,99.58770737120268,0,250683,22,AL AM AP BA CE DF MA MG MS MT PA PB PE PI RJ RN RR RS SC SE SP TO,226237,181776097,124.45915812572431
Roubo de veículo,2019,ocorrências,LIMITED_COVERAGE,26,99.17625820851582,0,189032,22,AL AM AP BA CE DF MA MG MS MT PA PB PE PI RJ RN RR RS SC SE SP TO,173287,182916648,94.73549941719902
Roubo de veículo,2020,ocorrências,LIMITED_COVERAGE,26,99.17636606782509,0,144993,22,AL AM AP BA CE DF MA MG MS MT PA PB PE PI RJ RN RR RS SC SE SP TO,133375,183955735,72.5038553432433
Roubo de veículo,2021,ocorrências,LIMITED_COVERAGE,27,100.0,1,141904,22,AL AM AP BA CE DF MA MG MS MT PA PB PE PI RJ RN RR RS SC SE SP TO,129510,184713881,70.11384271656335
Roubo de veículo,2022,ocorrências,LIMITED_COVERAGE,27,100.0,1,148102,22,AL AM AP BA CE DF MA MG MS MT PA PB PE PI RJ RN RR RS SC SE SP TO,137763,185316910,74.33914152788323
Roubo de veículo,2023,ocorrências,LIMITED_COVERAGE,27,100.0,1,135041,22,AL AM AP BA CE DF MA MG MS MT PA PB PE PI RJ RN RR RS SC SE SP TO,126876,185973928,68.22246610826008
Roubo de veículo,2024,ocorrências,LIMITED_COVERAGE,27,100.0,1,126274,22,AL AM AP BA CE DF MA MG MS MT PA PB PE PI RJ RN RR RS SC SE SP TO,120289,186679615,64.43606603752637
Roubo de veículo,2025,ocorrências,LIMITED_COVERAGE,27,100.0,1,104489,22,AL AM AP BA CE DF MA MG MS MT PA PB PE PI RJ RN RR RS SC SE SP TO,100135,187343648,53.449903996745064
Roubo de carga,2015,ocorrências,LIMITED_COVERAGE,20,85.72402170510351,0,18137,20,AL AM AP BA CE DF MA MG MT PA PB PE PI RJ RN RR RS SC SP TO,18137,173508542,10.453087664122036
Roubo de carga,2016,ocorrências,LIMITED_COVERAGE,21,87.0007962106602,0,22622,20,AL AM AP BA CE DF MA MG MT PA PB PE PI RJ RN RR RS SC SP TO,22622,174685442,12.950134676935471
Roubo de carga,2017,ocorrências,LIMITED_COVERAGE,23,95.28421978690021,0,25672,20,AL AM AP BA CE DF MA MG MT PA PB PE PI RJ RN RR RS SC SP TO,24279,175751938,13.814356914801133
Roubo de carga,2018,ocorrências,LIMITED_COVERAGE,25,97.59199527187069,0,21683,20,AL AM AP BA CE DF MA MG MT PA PB PE PI RJ RN RR RS SC SP TO,20517,176802868,11.604449764921235
Roubo de carga,2019,ocorrências,LIMITED_COVERAGE,25,97.5861829676185,0,17683,20,AL AM AP BA CE DF MA MG MT PA PB PE PI RJ RN RR RS SC SP TO,16861,177898320,9.477886019384556
Roubo de carga,2020,ocorrências,LIMITED_COVERAGE,25,98.09864312360762,0,13283,20,AL AM AP BA CE DF MA MG MT PA PB PE PI RJ RN RR RS SC SP TO,12626,178894651,7.057785087157246
Roubo de carga,2021,ocorrências,LIMITED_COVERAGE,27,100.0,1,13563,20,AL AM AP BA CE DF MA MG MT PA PB PE PI RJ RN RR RS SC SP TO,12698,179617001,7.0694867018740615
Roubo de carga,2022,ocorrências,LIMITED_COVERAGE,27,100.0,1,13126,20,AL AM AP BA CE DF MA MG MT PA PB PE PI RJ RN RR RS SC SP TO,12530,180188944,6.953811772158452
Roubo de carga,2023,ocorrências,LIMITED_COVERAGE,25,97.81843664086072,0,11807,20,AL AM AP BA CE DF MA MG MT PA PB PE PI RJ RN RR RS SC SP TO,11371,180813925,6.288785556753995
Roubo de carga,2024,ocorrências,LIMITED_COVERAGE,26,98.6349403470397,0,10344,20,AL AM AP BA CE DF MA MG MT PA PB PE PI RJ RN RR RS SC SP TO,10070,181486643,5.548617701854786
Roubo de carga,2025,ocorrências,LIMITED_COVERAGE,26,98.62964258767049,0,8565,20,AL AM AP BA CE DF MA MG MT PA PB PE PI RJ RN RR RS SC SP TO,8406,182119592,4.615648381202172
Roubo a instituição financeira,2015,ocorrências,LIMITED_COVERAGE,20,85.72402170510351,0,1060,20,AL AM BA CE DF MA MG MT PA PB PE PI RJ RN RR RS SC SE SP TO,,174943744,
Roubo a instituição financeira,2016,ocorrências,LIMITED_COVERAGE,22,88.07907709705493,0,900,20,AL AM BA CE DF MA MG MT PA PB PE PI RJ RN RR RS SC SE SP TO,884,176126806,0.5019111060243721
Roubo a instituição financeira,2017,ocorrências,LIMITED_COVERAGE,22,90.03888216685574,0,1000,20,AL AM BA CE DF MA MG MT PA PB PE PI RJ RN RR RS SC SE SP TO,952,177199102,0.5372487722877963
Roubo a instituição financeira,2018,ocorrências,LIMITED_COVERAGE,24,92.33907582525998,0,789,20,AL AM BA CE DF MA MG MT PA PB PE PI RJ RN RR RS SC SE SP TO,692,178257152,0.3882032177873009
Roubo a instituição financeira,2019,ocorrências,LIMITED_COVERAGE,25,97.84050704083599,0,397,20,AL AM BA CE DF MA MG MT PA PB PE PI RJ RN RR RS SC SE SP TO,329,179360152,0.18342981778918208
Roubo a instituição financeira,2020,ocorrências,LIMITED_COVERAGE,27,100.0,1,271,20,AL AM BA CE DF MA MG MT PA PB PE PI RJ RN RR RS SC SE SP TO,226,180363336,0.12530262802413458
Roubo a instituição financeira,2021,ocorrências,LIMITED_COVERAGE,27,100.0,1,296,20,AL AM BA CE DF MA MG MT PA PB PE PI RJ RN RR RS SC SE SP TO,241,181091067,0.1330822132711825
Roubo a instituição financeira,2022,ocorrências,LIMITED_COVERAGE,26,99.62276119369895,0,220,20,AL AM BA CE DF MA MG MT PA PB PE PI RJ RN RR RS SC SE SP TO,176,181667076,0.09688051565270968
Roubo a instituição financeira,2023,ocorrências,LIMITED_COVERAGE,25,97.81843664086072,0,107,20,AL AM BA CE DF MA MG MT PA PB PE PI RJ RN RR RS SC SE SP TO,96,182296795,0.05266137564294534
Roubo a instituição financeira,2024,ocorrências,LIMITED_COVERAGE,26,98.6349403470397,0,104,20,AL AM BA CE DF MA MG MT PA PB PE PI RJ RN RR RS SC SE SP TO,78,182974883,0.04262880168093891
Roubo a instituição financeira,2025,ocorrências,LIMITED_COVERAGE,25,93.05822180968974,0,60,20,AL AM BA CE DF MA MG MT PA PB PE PI RJ RN RR RS SC SE SP TO,55,183612500,0.029954387637007283
Estupro,2015,vítimas,COMPARABLE,27,100.0,1,33085,27,AC AL AM AP BA CE DF ES GO MA MG MS MT PA PB PE PI PR RJ RN RO RR RS SC SE SP TO,33085,202403642,16.346049741535776
Estupro,2016,vítimas,COMPARABLE,27,100.0,1,33595,27,AC AL AM AP BA CE DF ES GO MA MG MS MT PA PB PE PI PR RJ RN RO RR RS SC SE SP TO,33595,203871925,16.478482753326627
Estupro,2017,vítimas,COMPARABLE,27,100.0,1,29423,27,AC AL AM AP BA CE DF ES GO MA MG MS MT PA PB PE PI PR RJ RN RO RR RS SC SE SP TO,29423,205211557,14.337886437848137
Estupro,2018,vítimas,COMPARABLE,27,100.0,1,28361,27,AC AL AM AP BA CE DF ES GO MA MG MS MT PA PB PE PI PR RJ RN RO RR RS SC SE SP TO,28361,206529038,13.732209414542472
Estupro,2019,vítimas,COMPARABLE,27,100.0,1,29026,27,AC AL AM AP BA CE DF ES GO MA MG MS MT PA PB PE PI PR RJ RN RO RR RS SC SE SP TO,29026,207900099,13.961513313180289
Estupro,2020,vítimas,COMPARABLE,27,100.0,1,21820,27,AC AL AM AP BA CE DF ES GO MA MG MS MT PA PB PE PI PR RJ RN RO RR RS SC SE SP TO,21820,209164889,10.431961169161617
Estupro,2021,vítimas,COMPARABLE,27,100.0,1,23729,27,AC AL AM AP BA CE DF ES GO MA MG MS MT PA PB PE PI PR RJ RN RO RR RS SC SE SP TO,23729,210103642,11.293949868798562
Estupro,2022,vítimas,COMPARABLE,27,100.0,1,23227,27,AC AL AM AP BA CE DF ES GO MA MG MS MT PA PB PE PI PR RJ RN RO RR RS SC SE SP TO,23227,210862983,11.015209815181263
Estupro,2023,vítimas,COMPARABLE,27,100.0,1,24711,27,AC AL AM AP BA CE DF ES GO MA MG MS MT PA PB PE PI PR RJ RN RO RR RS SC SE SP TO,24711,211695158,11.67291695920603
Estupro,2024,vítimas,COMPARABLE,27,100.0,1,25222,27,AC AL AM AP BA CE DF ES GO MA MG MS MT PA PB PE PI PR RJ RN RO RR RS SC SE SP TO,25222,212583750,11.864500461582788
Estupro,2025,vítimas,COMPARABLE,27,100.0,1,19877,27,AC AL AM AP BA CE DF ES GO MA MG MS MT PA PB PE PI PR RJ RN RO RR RS SC SE SP TO,19877,213421037,9.31351486217359
Estupro de vulnerável,2015,vítimas,COMPARABLE,27,100.0,1,19496,27,AC AL AM AP BA CE DF ES GO MA MG MS MT PA PB PE PI PR RJ RN RO RR RS SC SE SP TO,19496,202403642,9.632237744022412
Estupro de vulnerável,2016,vítimas,COMPARABLE,27,100.0,1,26003,27,AC AL AM AP BA CE DF ES GO MA MG MS MT PA PB PE PI PR RJ RN RO RR RS SC SE SP TO,26003,203871925,12.754576187967029
Estupro de vulnerável,2017,vítimas,COMPARABLE,27,100.0,1,36002,27,AC AL AM AP BA CE DF ES GO MA MG MS MT PA PB PE PI PR RJ RN RO RR RS SC SE SP TO,36002,205211557,17.543846226945202
Estupro de vulnerável,2018,vítimas,COMPARABLE,27,100.0,1,44455,27,AC AL AM AP BA CE DF ES GO MA MG MS MT PA PB PE PI PR RJ RN RO RR RS SC SE SP TO,44455,206529038,21.524818219508678
Estupro de vulnerável,2019,vítimas,COMPARABLE,27,100.0,1,48524,27,AC AL AM AP BA CE DF ES GO MA MG MS MT PA PB PE PI PR RJ RN RO RR RS SC SE SP TO,48524,207900099,23.34005622575485
Estupro de vulnerável,2020,vítimas,COMPARABLE,27,100.0,1,45306,27,AC AL AM AP BA CE DF ES GO MA MG MS MT PA PB PE PI PR RJ RN RO RR RS SC SE SP TO,45306,209164889,21.66042313153237
Estupro de vulnerável,2021,vítimas,COMPARABLE,27,100.0,1,48853,27,AC AL AM AP BA CE DF ES GO MA MG MS MT PA PB PE PI PR RJ RN RO RR RS SC SE SP TO,48853,210103642,23.251857766463658
Estupro de vulnerável,2022,vítimas,COMPARABLE,27,100.0,1,57288,27,AC AL AM AP BA CE DF ES GO MA MG MS MT PA PB PE PI PR RJ RN RO RR RS SC SE SP TO,57288,210862983,27.168353204981454
Estupro de vulnerável,2023,vítimas,COMPARABLE,27,100.0,1,63709,27,AC AL AM AP BA CE DF ES GO MA MG MS MT PA PB PE PI PR RJ RN RO RR RS SC SE SP TO,63709,211695158,30.09468927012492
Estupro de vulnerável,2024,vítimas,COMPARABLE,27,100.0,1,63919,27,AC AL AM AP BA CE DF ES GO MA MG MS MT PA PB PE PI PR RJ RN RO RR RS SC SE SP TO,63919,212583750,30.067679208782423
Estupro de vulnerável,2025,vítimas,COMPARABLE,27,100.0,1,63612,27,AC AL AM AP BA CE DF ES GO MA MG MS MT PA PB PE PI PR RJ RN RO RR RS SC SE SP TO,63612,213421037,29.805871480232756
Feminicídio,2015,vítimas,COMPARABLE_WITH_BREAK,26,98.10574900623577,0,542,27,AC AL AM AP BA CE DF ES GO MA MG MS MT PA PB PE PI PR RJ RN RO RR RS SC SE SP TO,,202403642,
Feminicídio,2016,vítimas,COMPARABLE_WITH_BREAK,27,100.0,1,809,27,AC AL AM AP BA CE DF ES GO MA MG MS MT PA PB PE PI PR RJ RN RO RR RS SC SE SP TO,809,203871925,0.3968177570305475
Feminicídio,2017,vítimas,COMPARABLE_WITH_BREAK,27,100.0,1,1048,27,AC AL AM AP BA CE DF ES GO MA MG MS MT PA PB PE PI PR RJ RN RO RR RS SC SE SP TO,1048,205211557,0.5106924850241256
Feminicídio,2018,vítimas,COMPARABLE_WITH_BREAK,27,100.0,1,1176,27,AC AL AM AP BA CE DF ES GO MA MG MS MT PA PB PE PI PR RJ RN RO RR RS SC SE SP TO,1176,206529038,0.5694114548676685
Feminicídio,2019,vítimas,COMPARABLE_WITH_BREAK,27,100.0,1,1331,27,AC AL AM AP BA CE DF ES GO MA MG MS MT PA PB PE PI PR RJ RN RO RR RS SC SE SP TO,1331,207900099,0.6402113353490996
Feminicídio,2020,vítimas,COMPARABLE_WITH_BREAK,27,100.0,1,1346,27,AC AL AM AP BA CE DF ES GO MA MG MS MT PA PB PE PI PR RJ RN RO RR RS SC SE SP TO,1346,209164889,0.6435114451737644
Feminicídio,2021,vítimas,COMPARABLE_WITH_BREAK,27,100.0,1,1366,27,AC AL AM AP BA CE DF ES GO MA MG MS MT PA PB PE PI PR RJ RN RO RR RS SC SE SP TO,1366,210103642,0.6501553171553304
Feminicídio,2022,vítimas,COMPARABLE_WITH_BREAK,27,100.0,1,1456,27,AC AL AM AP BA CE DF ES GO MA MG MS MT PA PB PE PI PR RJ RN RO RR RS SC SE SP TO,1456,210862983,0.6904957803807603
Feminicídio,2023,vítimas,COMPARABLE_WITH_BREAK,27,100.0,1,1478,27,AC AL AM AP BA CE DF ES GO MA MG MS MT PA PB PE PI PR RJ RN RO RR RS SC SE SP TO,1478,211695158,0.6981737390516981
Feminicídio,2024,vítimas,COMPARABLE_WITH_BREAK,27,100.0,1,1501,27,AC AL AM AP BA CE DF ES GO MA MG MS MT PA PB PE PI PR RJ RN RO RR RS SC SE SP TO,1501,212583750,0.7060746646909747
Feminicídio,2025,vítimas,COMPARABLE_WITH_BREAK,27,100.0,1,1562,27,AC AL AM AP BA CE DF ES GO MA MG MS MT PA PB PE PI PR RJ RN RO RR RS SC SE SP TO,1562,213421037,0.731886613408218
Tráfico de drogas,2015,ocorrências de fiscalização,NOT_COMPARABLE,21,87.94547432105989,0,150580,21,AL AM AP BA CE DF MA MG MS MT PA PB PE PI RJ RN RO RS SC SE SP,150580,178004843,84.59320401748845
Tráfico de drogas,2016,ocorrências de fiscalização,NOT_COMPARABLE,22,88.17456253478747,0,147111,21,AL AM AP BA CE DF MA MG MS MT PA PB PE PI RJ RN RO RS SC SE SP,146887,179214945,81.96135651521696
Tráfico de drogas,2017,ocorrências de fiscalização,NOT_COMPARABLE,24,96.95553988706396,0,172428,21,AL AM AP BA CE DF MA MG MS MT PA PB PE PI RJ RN RO RS SC SE SP,160423,180309235,88.97103911510689
Tráfico de drogas,2018,ocorrências de fiscalização,NOT_COMPARABLE,27,100.0,1,189926,21,AL AM AP BA CE DF MA MG MS MT PA PB PE PI RJ RN RO RS SC SE SP,171502,181378790,94.55460586102708
Tráfico de drogas,2019,ocorrências de fiscalização,NOT_COMPARABLE,27,100.0,1,195023,21,AL AM AP BA CE DF MA MG MS MT PA PB PE PI RJ RN RO RS SC SE SP,174536,182485935,95.6435354867212
Tráfico de drogas,2020,ocorrências de fiscalização,NOT_COMPARABLE,26,99.69355516450948,0,195588,21,AL AM AP BA CE DF MA MG MS MT PA PB PE PI RJ RN RO RS SC SE SP,173620,183499627,94.61599614041722
Tráfico de drogas,2021,ocorrências de fiscalização,NOT_COMPARABLE,27,100.0,1,192425,21,AL AM AP BA CE DF MA MG MS MT PA PB PE PI RJ RN RO RS SC SE SP,171714,184240017,93.20125062732707
Tráfico de drogas,2022,ocorrências de fiscalização,NOT_COMPARABLE,27,100.0,1,166708,21,AL AM AP BA CE DF MA MG MS MT PA PB PE PI RJ RN RO RS SC SE SP,148682,184820574,80.44667148366285
Tráfico de drogas,2023,ocorrências de fiscalização,NOT_COMPARABLE,27,100.0,1,179881,21,AL AM AP BA CE DF MA MG MS MT PA PB PE PI RJ RN RO RS SC SE SP,159785,185451722,86.1598901734652
Tráfico de drogas,2024,ocorrências de fiscalização,NOT_COMPARABLE,27,100.0,1,184325,21,AL AM AP BA CE DF MA MG MS MT PA PB PE PI RJ RN RO RS SC SE SP,158379,186131707,85.08974776661775
Tráfico de drogas,2025,ocorrências de fiscalização,NOT_COMPARABLE,27,100.0,1,215917,21,AL AM AP BA CE DF MA MG MS MT PA PB PE PI RJ RN RO RS SC SE SP,187784,186769967,100.54293150889725
Armas de fogo apreendidas,2015,objetos apreendidos,NOT_COMPARABLE,20,87.1219189820705,0,100421,19,AL AM AP BA CE DF MA MG MS MT PA PE PI RJ RN RS SC SE SP,96574,172405898,56.015485038684695
Armas de fogo apreendidas,2016,objetos apreendidos,NOT_COMPARABLE,20,87.08156407509273,0,100972,19,AL AM AP BA CE DF MA MG MS MT PA PE PI RJ RN RS SC SE SP,97535,173577406,56.19106901505372
Armas de fogo apreendidas,2017,objetos apreendidos,NOT_COMPARABLE,22,95.85639077822503,0,109482,19,AL AM AP BA CE DF MA MG MS MT PA PE PI RJ RN RS SC SE SP,92653,174636155,53.05487858456343
Armas de fogo apreendidas,2018,objetos apreendidos,NOT_COMPARABLE,23,96.53835312010702,0,106625,19,AL AM AP BA CE DF MA MG MS MT PA PE PI RJ RN RS SC SE SP,90278,175668485,51.39111890217531
Armas de fogo apreendidas,2019,objetos apreendidos,NOT_COMPARABLE,26,99.17625820851582,0,110575,19,AL AM AP BA CE DF MA MG MS MT PA PE PI RJ RN RS SC SE SP,90217,176735565,51.04631883231878
Armas de fogo apreendidas,2020,objetos apreendidos,NOT_COMPARABLE,26,99.17636606782509,0,111034,19,AL AM AP BA CE DF MA MG MS MT PA PE PI RJ RN RS SC SE SP,89551,177711939,50.39109949726
Armas de fogo apreendidas,2021,objetos apreendidos,NOT_COMPARABLE,27,100.0,1,110249,19,AL AM AP BA CE DF MA MG MS MT PA PE PI RJ RN RS SC SE SP,87519,178422612,49.05151820106747
Armas de fogo apreendidas,2022,objetos apreendidos,NOT_COMPARABLE,27,100.0,1,103685,19,AL AM AP BA CE DF MA MG MS MT PA PE PI RJ RN RS SC SE SP,82222,178979900,45.93923675228336
Armas de fogo apreendidas,2023,objetos apreendidos,NOT_COMPARABLE,27,100.0,1,105388,19,AL AM AP BA CE DF MA MG MS MT PA PE PI RJ RN RS SC SE SP,84033,179586999,46.79236273668118
Armas de fogo apreendidas,2024,objetos apreendidos,NOT_COMPARABLE,27,100.0,1,103152,19,AL AM AP BA CE DF MA MG MS MT PA PE PI RJ RN RS SC SE SP,81687,180240440,45.32112771140594
Armas de fogo apreendidas,2025,objetos apreendidos,NOT_COMPARABLE,27,100.0,1,107877,19,AL AM AP BA CE DF MA MG MS MT PA PE PI RJ RN RS SC SE SP,87184,180853549,48.206961092038064
