iso3,country,region,subregion,year,homicide_rate_per_100k,percentile_unweighted,included_common_sample,inclusion_reason
ABW,Aruba,Americas,Latin America and the Caribbean,2016,,,0,MISSING_2016_AND_2024
AFG,Afghanistan,Asia,Southern Asia,2016,6.6799974594108,,0,MISSING_2024
AGO,Angola,Africa,Sub-Saharan Africa,2016,4.09826656345614,,0,MISSING_2024
AIA,Anguilla,Americas,Latin America and the Caribbean,2016,,,0,MISSING_2016_AND_2024
ALB,Albania,Europe,Southern Europe,2016,2.72614352662554,50.0,1,INCLUDED_OBSERVED_BOTH_YEARS
AND,Andorra,Europe,Southern Europe,2016,,,0,MISSING_2016_AND_2024
ARE,United Arab Emirates,Asia,Western Asia,2016,,,0,MISSING_2016_AND_2024
ARG,Argentina,Americas,Latin America and the Caribbean,2016,5.97945616037571,65.11627906976744,1,INCLUDED_OBSERVED_BOTH_YEARS
ARM,Armenia,Asia,Western Asia,2016,2.98068464955971,51.16279069767442,1,INCLUDED_OBSERVED_BOTH_YEARS
ASM,American Samoa,Oceania,Polynesia,2016,0.0,,0,MISSING_2024
ATG,Antigua and Barbuda,Americas,Latin America and the Caribbean,2016,,,0,MISSING_2016
AUS,Australia,Oceania,Australia and New Zealand,2016,0.933005940041915,20.930232558139537,1,INCLUDED_OBSERVED_BOTH_YEARS
AUT,Austria,Europe,Western Europe,2016,0.617996363091403,12.790697674418604,1,INCLUDED_OBSERVED_BOTH_YEARS
AZE,Azerbaijan,Asia,Western Asia,2016,1.71253212771072,46.51162790697674,1,INCLUDED_OBSERVED_BOTH_YEARS
BDI,Burundi,Africa,Sub-Saharan Africa,2016,5.64974214487878,,0,MISSING_2024
BEL,Belgium,Europe,Western Europe,2016,,,0,MISSING_2016_AND_2024
BGD,Bangladesh,Asia,Southern Asia,2016,2.23304324758363,,0,MISSING_2024
BGR,Bulgaria,Europe,Eastern Europe,2016,1.10839328712128,30.232558139534884,1,INCLUDED_OBSERVED_BOTH_YEARS
BHR,Bahrain,Asia,Western Asia,2016,0.279797762177498,,0,MISSING_2024
BHS,Bahamas,Americas,Latin America and the Caribbean,2016,28.6041558488412,90.69767441860465,1,INCLUDED_OBSERVED_BOTH_YEARS
BIH,Bosnia and Herzegovina,Europe,Southern Europe,2016,1.29570864177198,33.72093023255814,1,INCLUDED_OBSERVED_BOTH_YEARS
BLR,Belarus,Europe,Eastern Europe,2016,3.23189754442635,52.325581395348834,1,INCLUDED_OBSERVED_BOTH_YEARS
BLZ,Belize,Americas,Latin America and the Caribbean,2016,37.8388012229062,,0,MISSING_2024
BMU,Bermuda,Americas,Northern America,2016,12.6086511107434,,0,MISSING_2024
BOL,Bolivia (Plurinational State of),Americas,Latin America and the Caribbean,2016,5.74238712195448,62.7906976744186,1,INCLUDED_OBSERVED_BOTH_YEARS
BRA,Brazil,Americas,Latin America and the Caribbean,2016,30.1193623667804,91.86046511627907,1,INCLUDED_OBSERVED_BOTH_YEARS
BRB,Barbados,Americas,Latin America and the Caribbean,2016,7.86845375942203,70.93023255813954,1,INCLUDED_OBSERVED_BOTH_YEARS
BRN,Brunei Darussalam,Asia,South-eastern Asia,2016,,,0,MISSING_2016_AND_2024
BTN,Bhutan,Asia,Southern Asia,2016,1.20342414282773,,0,MISSING_2024
BWA,Botswana,Africa,Sub-Saharan Africa,2016,,,0,MISSING_2016_AND_2024
CAN,Canada,Americas,Northern America,2016,1.69447965211893,44.18604651162791,1,INCLUDED_OBSERVED_BOTH_YEARS
CHE,Switzerland,Europe,Western Europe,2016,0.537319784436855,9.30232558139535,1,INCLUDED_OBSERVED_BOTH_YEARS
CHL,Chile,Americas,Latin America and the Caribbean,2016,3.39405749254204,54.651162790697676,1,INCLUDED_OBSERVED_BOTH_YEARS
CHN,China,Asia,Eastern Asia,2016,0.614934212808057,,0,MISSING_2024
CMR,Cameroon,Africa,Sub-Saharan Africa,2016,3.35548128633803,,0,MISSING_2024
COK,Cook Islands,Oceania,Polynesia,2016,,,0,MISSING_2016_AND_2024
COL,Colombia,Americas,Latin America and the Caribbean,2016,26.1438669043183,89.53488372093024,1,INCLUDED_OBSERVED_BOTH_YEARS
CPV,Cabo Verde,Africa,Sub-Saharan Africa,2016,12.0962746400627,,0,MISSING_2024
CRI,Costa Rica,Americas,Latin America and the Caribbean,2016,11.8759050112518,81.3953488372093,1,INCLUDED_OBSERVED_BOTH_YEARS
CUB,Cuba,Americas,Latin America and the Caribbean,2016,5.0773983694805,,0,MISSING_2024
CUW,Curaçao,Americas,Latin America and the Caribbean,2016,,,0,MISSING_2016_AND_2024
CYM,Cayman Islands,Americas,Latin America and the Caribbean,2016,,,0,MISSING_2016_AND_2024
CYP,Cyprus,Asia,Western Asia,2016,1.05083409956653,24.41860465116279,1,INCLUDED_OBSERVED_BOTH_YEARS
CZE,Czechia,Europe,Eastern Europe,2016,0.617169777139044,11.627906976744185,1,INCLUDED_OBSERVED_BOTH_YEARS
DEU,Germany,Europe,Western Europe,2016,1.163604165425,31.3953488372093,1,INCLUDED_OBSERVED_BOTH_YEARS
DMA,Dominica,Americas,Latin America and the Caribbean,2016,22.9863590325616,88.37209302325581,1,INCLUDED_OBSERVED_BOTH_YEARS
DNK,Denmark,Europe,Northern Europe,2016,0.977619325858153,23.25581395348837,1,INCLUDED_OBSERVED_BOTH_YEARS
DOM,Dominican Republic,Americas,Latin America and the Caribbean,2016,15.3154603364407,82.55813953488372,1,INCLUDED_OBSERVED_BOTH_YEARS
DZA,Algeria,Africa,Northern Africa,2016,1.32678196793638,34.883720930232556,1,INCLUDED_OBSERVED_BOTH_YEARS
ECU,Ecuador,Americas,Latin America and the Caribbean,2016,5.81031174018927,63.95348837209303,1,INCLUDED_OBSERVED_BOTH_YEARS
EGY,Egypt,Africa,Northern Africa,2016,1.50721254822527,,0,MISSING_2024
ERI,Eritrea,Africa,Sub-Saharan Africa,2016,,,0,MISSING_2016_AND_2024
ESP,Spain,Europe,Southern Europe,2016,0.629108853827649,13.953488372093023,1,INCLUDED_OBSERVED_BOTH_YEARS
EST,Estonia,Europe,Northern Europe,2016,2.50788654321279,48.83720930232558,1,INCLUDED_OBSERVED_BOTH_YEARS
ETH,Ethiopia,Africa,Sub-Saharan Africa,2016,,,0,MISSING_2016_AND_2024
FIN,Finland,Europe,Northern Europe,2016,1.34656386925302,,0,MISSING_2024
FJI,Fiji,Oceania,Melanesia,2016,1.63191414826049,43.02325581395349,1,INCLUDED_OBSERVED_BOTH_YEARS
FRA,France,Europe,Western Europe,2016,1.19686224509648,32.55813953488372,1,INCLUDED_OBSERVED_BOTH_YEARS
FSM,Micronesia (Federated States of),Oceania,Micronesia,2016,,,0,MISSING_2016_AND_2024
GEO,Georgia,Asia,Western Asia,2016,1.02846555312855,,0,MISSING_2024
GHA,Ghana,Africa,Sub-Saharan Africa,2016,1.87009855981462,,0,MISSING_2024
GIB,Gibraltar,Europe,Southern Europe,2016,,,0,MISSING_2016
GLP,Guadeloupe,Americas,Latin America and the Caribbean,2016,5.68415615612647,,0,MISSING_2024
GNB,Guinea-Bissau,Africa,Sub-Saharan Africa,2016,3.49365287883821,,0,MISSING_2024
GRC,Greece,Europe,Southern Europe,2016,0.779545903374914,19.767441860465116,1,INCLUDED_OBSERVED_BOTH_YEARS
GRD,Grenada,Americas,Latin America and the Caribbean,2016,9.55441674628681,,0,MISSING_2024
GRL,Greenland,Americas,Northern America,2016,5.35131374752502,,0,MISSING_2024
GTM,Guatemala,Americas,Latin America and the Caribbean,2016,,,0,MISSING_2016
GUF,French Guiana,Americas,Latin America and the Caribbean,2016,,,0,MISSING_2016_AND_2024
GUM,Guam,Oceania,Micronesia,2016,,,0,MISSING_2016_AND_2024
GUY,Guyana,Americas,Latin America and the Caribbean,2016,18.5973900789472,84.88372093023256,1,INCLUDED_OBSERVED_BOTH_YEARS
HKG,"China, Hong Kong Special Administrative Region",Asia,Eastern Asia,2016,0.377969277712184,,0,MISSING_2024
HND,Honduras,Americas,Latin America and the Caribbean,2016,54.7151729955654,97.67441860465117,1,INCLUDED_OBSERVED_BOTH_YEARS
HRV,Croatia,Europe,Southern Europe,2016,1.06371572584033,25.58139534883721,1,INCLUDED_OBSERVED_BOTH_YEARS
HTI,Haiti,Americas,Latin America and the Caribbean,2016,9.63317380185292,73.25581395348837,1,INCLUDED_OBSERVED_BOTH_YEARS
HUN,Hungary,Europe,Eastern Europe,2016,2.05901168254688,47.674418604651166,1,INCLUDED_OBSERVED_BOTH_YEARS
IDN,Indonesia,Asia,South-eastern Asia,2016,,,0,MISSING_2016
IMN,Isle of Man,Europe,Northern Europe,2016,0.0,,0,MISSING_2024
IND,India,Asia,Southern Asia,2016,3.14894003612781,,0,MISSING_2024
IRL,Ireland,Europe,Northern Europe,2016,0.694224869533058,18.6046511627907,1,INCLUDED_OBSERVED_BOTH_YEARS
IRN,Iran (Islamic Republic of),Asia,Southern Asia,2016,,,0,MISSING_2016_AND_2024
IRQ,Iraq,Asia,Western Asia,2016,,,0,MISSING_2016_AND_2024
ISL,Iceland,Europe,Northern Europe,2016,0.297997309084299,3.488372093023256,1,INCLUDED_OBSERVED_BOTH_YEARS
ISR,Israel,Asia,Western Asia,2016,1.33982857867757,36.04651162790697,1,INCLUDED_OBSERVED_BOTH_YEARS
ITA,Italy,Europe,Southern Europe,2016,0.668010320924807,15.116279069767442,1,INCLUDED_OBSERVED_BOTH_YEARS
JAM,Jamaica,Americas,Latin America and the Caribbean,2016,48.1865109798695,96.51162790697674,1,INCLUDED_OBSERVED_BOTH_YEARS
JOR,Jordan,Asia,Western Asia,2016,1.4790583574967,38.372093023255815,1,INCLUDED_OBSERVED_BOTH_YEARS
JPN,Japan,Asia,Eastern Asia,2016,0.284680826905949,2.3255813953488373,1,INCLUDED_OBSERVED_BOTH_YEARS
KAZ,Kazakhstan,Asia,Central Asia,2016,,,0,MISSING_2016_AND_2024
KEN,Kenya,Africa,Sub-Saharan Africa,2016,4.90863183219284,60.46511627906977,1,INCLUDED_OBSERVED_BOTH_YEARS
KHM,Cambodia,Asia,South-eastern Asia,2016,,,0,MISSING_2016_AND_2024
KIR,Kiribati,Oceania,Micronesia,2016,,,0,MISSING_2016_AND_2024
KNA,Saint Kitts and Nevis,Americas,Latin America and the Caribbean,2016,63.728770353376,98.83720930232558,1,INCLUDED_OBSERVED_BOTH_YEARS
KOR,Republic of Korea,Asia,Eastern Asia,2016,0.693986349015599,17.441860465116278,1,INCLUDED_OBSERVED_BOTH_YEARS
KWT,Kuwait,Asia,Western Asia,2016,,,0,MISSING_2016_AND_2024
LBN,Lebanon,Asia,Western Asia,2016,3.7165552530385,56.97674418604651,1,INCLUDED_OBSERVED_BOTH_YEARS
LBR,Liberia,Africa,Sub-Saharan Africa,2016,,,0,MISSING_2016_AND_2024
LCA,Saint Lucia,Americas,Latin America and the Caribbean,2016,17.079808250686,83.72093023255815,1,INCLUDED_OBSERVED_BOTH_YEARS
LIE,Liechtenstein,Europe,Western Europe,2016,0.0,0.0,1,INCLUDED_OBSERVED_BOTH_YEARS
LKA,Sri Lanka,Asia,Southern Asia,2016,2.41890147871327,,0,MISSING_2024
LSO,Lesotho,Africa,Sub-Saharan Africa,2016,,,0,MISSING_2016
LTU,Lithuania,Europe,Northern Europe,2016,5.33266506558917,61.627906976744185,1,INCLUDED_OBSERVED_BOTH_YEARS
LUX,Luxembourg,Europe,Western Europe,2016,0.856889217934349,,0,MISSING_2024
LVA,Latvia,Europe,Northern Europe,2016,3.52065424981236,55.81395348837209,1,INCLUDED_OBSERVED_BOTH_YEARS
MAC,"China, Macao Special Administrative Region",Asia,Eastern Asia,2016,0.157651248637302,1.1627906976744187,1,INCLUDED_OBSERVED_BOTH_YEARS
MAF,Saint Martin (French Part),Americas,Latin America and the Caribbean,2016,26.8997982515131,,0,MISSING_2024
MAR,Morocco,Africa,Northern Africa,2016,1.69600616957935,45.348837209302324,1,INCLUDED_OBSERVED_BOTH_YEARS
MCO,Monaco,Europe,Western Europe,2016,,,0,MISSING_2016_AND_2024
MDA,Republic of Moldova,Europe,Eastern Europe,2016,6.17704523511996,67.44186046511628,1,INCLUDED_OBSERVED_BOTH_YEARS
MDV,Maldives,Asia,Southern Asia,2016,,,0,MISSING_2016_AND_2024
MEX,Mexico,Americas,Latin America and the Caribbean,2016,20.0889396309777,86.04651162790698,1,INCLUDED_OBSERVED_BOTH_YEARS
MKD,North Macedonia,Europe,Southern Europe,2016,0.968765224591646,22.093023255813954,1,INCLUDED_OBSERVED_BOTH_YEARS
MLT,Malta,Europe,Southern Europe,2016,1.09825180278033,27.906976744186046,1,INCLUDED_OBSERVED_BOTH_YEARS
MMR,Myanmar,Asia,South-eastern Asia,2016,2.60021730748139,,0,MISSING_2024
MNE,Montenegro,Europe,Southern Europe,2016,4.48539323682796,59.30232558139535,1,INCLUDED_OBSERVED_BOTH_YEARS
MNG,Mongolia,Asia,Eastern Asia,2016,6.05101532090771,66.27906976744185,1,INCLUDED_OBSERVED_BOTH_YEARS
MOZ,Mozambique,Africa,Sub-Saharan Africa,2016,,,0,MISSING_2016_AND_2024
MRT,Mauritania,Africa,Sub-Saharan Africa,2016,,,0,MISSING_2016_AND_2024
MSR,Montserrat,Americas,Latin America and the Caribbean,2016,,,0,MISSING_2016_AND_2024
MTQ,Martinique,Americas,Latin America and the Caribbean,2016,,,0,MISSING_2016_AND_2024
MUS,Mauritius,Africa,Sub-Saharan Africa,2016,1.62563423926317,40.69767441860465,1,INCLUDED_OBSERVED_BOTH_YEARS
MWI,Malawi,Africa,Sub-Saharan Africa,2016,,,0,MISSING_2016_AND_2024
MYS,Malaysia,Asia,South-eastern Asia,2016,1.4344275283881,37.2093023255814,1,INCLUDED_OBSERVED_BOTH_YEARS
MYT,Mayotte,Africa,Sub-Saharan Africa,2016,,,0,MISSING_2016_AND_2024
NAM,Namibia,Africa,Sub-Saharan Africa,2016,,,0,MISSING_2016_AND_2024
NCL,New Caledonia,Oceania,Melanesia,2016,,,0,MISSING_2016_AND_2024
NER,Niger,Africa,Sub-Saharan Africa,2016,,,0,MISSING_2016_AND_2024
NGA,Nigeria,Africa,Sub-Saharan Africa,2016,32.4390092901434,,0,MISSING_2024
NIC,Nicaragua,Americas,Latin America and the Caribbean,2016,7.26815838263741,,0,MISSING_2024
NLD,Netherlands (Kingdom of the),Europe,Western Europe,2016,0.546362553519554,10.465116279069768,1,INCLUDED_OBSERVED_BOTH_YEARS
NOR,Norway,Europe,Northern Europe,2016,0.515662484007301,8.13953488372093,1,INCLUDED_OBSERVED_BOTH_YEARS
NPL,Nepal,Asia,Southern Asia,2016,2.20708210796159,,0,MISSING_2024
NZL,New Zealand,Oceania,Australia and New Zealand,2016,1.06049711862933,,0,MISSING_2024
OMN,Oman,Asia,Western Asia,2016,0.364391855614282,,0,MISSING_2024
PAK,Pakistan,Asia,Southern Asia,2016,3.86846723526245,58.13953488372093,1,INCLUDED_OBSERVED_BOTH_YEARS
PAN,Panama,Americas,Latin America and the Caribbean,2016,10.0519063068018,74.4186046511628,1,INCLUDED_OBSERVED_BOTH_YEARS
PER,Peru,Americas,Latin America and the Caribbean,2016,7.88881315592262,,0,MISSING_2024
PHL,Philippines,Asia,South-eastern Asia,2016,10.4510468515231,76.74418604651163,1,INCLUDED_OBSERVED_BOTH_YEARS
PLW,Palau,Oceania,Micronesia,2016,0.0,,0,MISSING_2024
PNG,Papua New Guinea,Oceania,Melanesia,2016,,,0,MISSING_2016_AND_2024
POL,Poland,Europe,Eastern Europe,2016,0.67950291225801,16.27906976744186,1,INCLUDED_OBSERVED_BOTH_YEARS
PRI,Puerto Rico,Americas,Latin America and the Caribbean,2016,20.2531208577657,87.20930232558139,1,INCLUDED_OBSERVED_BOTH_YEARS
PRT,Portugal,Europe,Southern Europe,2016,0.637904765071273,,0,MISSING_2024
PRY,Paraguay,Americas,Latin America and the Caribbean,2016,10.7054970567084,77.90697674418605,1,INCLUDED_OBSERVED_BOTH_YEARS
PSE,State of Palestine,Asia,Western Asia,2016,0.410124550508889,5.813953488372093,1,INCLUDED_OBSERVED_BOTH_YEARS
PYF,French Polynesia,Oceania,Polynesia,2016,,,0,MISSING_2016_AND_2024
QAT,Qatar,Asia,Western Asia,2016,0.461649967761444,,0,MISSING_2024
REU,Réunion,Africa,Sub-Saharan Africa,2016,,,0,MISSING_2016_AND_2024
ROU,Romania,Europe,Eastern Europe,2016,1.54724790736617,39.53488372093023,1,INCLUDED_OBSERVED_BOTH_YEARS
RUS,Russian Federation,Europe,Eastern Europe,2016,10.8822499466091,79.06976744186046,1,INCLUDED_OBSERVED_BOTH_YEARS
RWA,Rwanda,Africa,Sub-Saharan Africa,2016,3.28881602035978,,0,MISSING_2024
SAU,Saudi Arabia,Asia,Western Asia,2016,,,0,MISSING_2016
SGP,Singapore,Asia,South-eastern Asia,2016,0.32270038551043,4.651162790697675,1,INCLUDED_OBSERVED_BOTH_YEARS
SHN,Saint Helena,Africa,Sub-Saharan Africa,2016,,,0,MISSING_2016_AND_2024
SLB,Solomon Islands,Oceania,Melanesia,2016,,,0,MISSING_2016_AND_2024
SLE,Sierra Leone,Africa,Sub-Saharan Africa,2016,,,0,MISSING_2016_AND_2024
SLV,El Salvador,Americas,Latin America and the Caribbean,2016,85.0858022421141,100.0,1,INCLUDED_OBSERVED_BOTH_YEARS
SMR,San Marino,Europe,Southern Europe,2016,,,0,MISSING_2016_AND_2024
SPM,Saint Pierre and Miquelon,Americas,Northern America,2016,,,0,MISSING_2016_AND_2024
SRB,Serbia,Europe,Southern Europe,2016,1.62782274638115,41.86046511627907,1,INCLUDED_OBSERVED_BOTH_YEARS
SSD,South Sudan,Africa,Sub-Saharan Africa,2016,,,0,MISSING_2016_AND_2024
STP,Sao Tome and Principe,Africa,Sub-Saharan Africa,2016,,,0,MISSING_2016_AND_2024
SUR,Suriname,Americas,Latin America and the Caribbean,2016,6.97567191883721,69.76744186046511,1,INCLUDED_OBSERVED_BOTH_YEARS
SVK,Slovakia,Europe,Eastern Europe,2016,1.10553043442371,29.069767441860463,1,INCLUDED_OBSERVED_BOTH_YEARS
SVN,Slovenia,Europe,Southern Europe,2016,0.485113562659451,6.976744186046512,1,INCLUDED_OBSERVED_BOTH_YEARS
SWE,Sweden,Europe,Northern Europe,2016,1.06819519352472,26.74418604651163,1,INCLUDED_OBSERVED_BOTH_YEARS
SWZ,Eswatini,Africa,Sub-Saharan Africa,2016,10.0912782213252,75.5813953488372,1,INCLUDED_OBSERVED_BOTH_YEARS
SYC,Seychelles,Africa,Sub-Saharan Africa,2016,10.926871909744,,0,MISSING_2024
SYR,Syrian Arab Republic,Asia,Western Asia,2016,,,0,MISSING_2016_AND_2024
TCA,Turks and Caicos Islands,Americas,Latin America and the Caribbean,2016,,,0,MISSING_2016
THA,Thailand,Asia,South-eastern Asia,2016,,,0,MISSING_2016_AND_2024
TJK,Tajikistan,Asia,Central Asia,2016,,,0,MISSING_2016_AND_2024
TKM,Turkmenistan,Asia,Central Asia,2016,,,0,MISSING_2016_AND_2024
TLS,Timor-Leste,Asia,South-eastern Asia,2016,,,0,MISSING_2016_AND_2024
TON,Tonga,Oceania,Polynesia,2016,,,0,MISSING_2016_AND_2024
TTO,Trinidad and Tobago,Americas,Latin America and the Caribbean,2016,32.2193196226095,93.02325581395348,1,INCLUDED_OBSERVED_BOTH_YEARS
TUN,Tunisia,Africa,Northern Africa,2016,,,0,MISSING_2016_AND_2024
TUR,Türkiye,Asia,Western Asia,2016,3.31161155785991,53.48837209302326,1,INCLUDED_OBSERVED_BOTH_YEARS
TUV,Tuvalu,Oceania,Polynesia,2016,,,0,MISSING_2016_AND_2024
TZA,United Republic of Tanzania,Africa,Sub-Saharan Africa,2016,6.38934150079073,68.6046511627907,1,INCLUDED_OBSERVED_BOTH_YEARS
UGA,Uganda,Africa,Sub-Saharan Africa,2016,11.5517988640576,80.23255813953489,1,INCLUDED_OBSERVED_BOTH_YEARS
UKR,Ukraine,Europe,Eastern Europe,2016,,,0,MISSING_2016_AND_2024
URY,Uruguay,Americas,Latin America and the Caribbean,2016,7.90108434244779,72.09302325581395,1,INCLUDED_OBSERVED_BOTH_YEARS
USA,United States of America,Americas,Northern America,2016,5.28982026159524,,0,MISSING_2024
UZB,Uzbekistan,Asia,Central Asia,2016,2.41972336009243,,0,MISSING_2024
VAT,Holy See,Europe,Southern Europe,2016,,,0,MISSING_2016
VCT,Saint Vincent and the Grenadines,Americas,Latin America and the Caribbean,2016,37.6121901108149,95.34883720930233,1,INCLUDED_OBSERVED_BOTH_YEARS
VEN,Venezuela (Bolivarian Republic of),Americas,Latin America and the Caribbean,2016,56.5792047678519,,0,MISSING_2024
VGB,British Virgin Islands,Americas,Latin America and the Caribbean,2016,,,0,MISSING_2016_AND_2024
VIR,United States Virgin Islands,Americas,Latin America and the Caribbean,2016,,,0,MISSING_2016_AND_2024
VNM,Viet Nam,Asia,South-eastern Asia,2016,,,0,MISSING_2016_AND_2024
VUT,Vanuatu,Oceania,Melanesia,2016,,,0,MISSING_2016_AND_2024
WSM,Samoa,Oceania,Polynesia,2016,,,0,MISSING_2016_AND_2024
XKX,Kosovo under UNSCR 1244,Europe,Southern Europe,2016,2.15692969005204,,0,MISSING_2024
YEM,Yemen,Asia,Western Asia,2016,,,0,MISSING_2016_AND_2024
ZAF,South Africa,Africa,Sub-Saharan Africa,2016,33.2101800798263,94.18604651162791,1,INCLUDED_OBSERVED_BOTH_YEARS
ZMB,Zambia,Africa,Sub-Saharan Africa,2016,,,0,MISSING_2016_AND_2024
ZWE,Zimbabwe,Africa,Sub-Saharan Africa,2016,,,0,MISSING_2016_AND_2024
ABW,Aruba,Americas,Latin America and the Caribbean,2024,,,0,MISSING_2016_AND_2024
AFG,Afghanistan,Asia,Southern Asia,2024,,,0,MISSING_2024
AGO,Angola,Africa,Sub-Saharan Africa,2024,,,0,MISSING_2024
AIA,Anguilla,Americas,Latin America and the Caribbean,2024,,,0,MISSING_2016_AND_2024
ALB,Albania,Europe,Southern Europe,2024,1.75516237132466,41.86046511627907,1,INCLUDED_OBSERVED_BOTH_YEARS
AND,Andorra,Europe,Southern Europe,2024,,,0,MISSING_2016_AND_2024
ARE,United Arab Emirates,Asia,Western Asia,2024,,,0,MISSING_2016_AND_2024
ARG,Argentina,Americas,Latin America and the Caribbean,2024,3.94343865969129,63.95348837209303,1,INCLUDED_OBSERVED_BOTH_YEARS
ARM,Armenia,Asia,Western Asia,2024,2.18572583163085,48.83720930232558,1,INCLUDED_OBSERVED_BOTH_YEARS
ASM,American Samoa,Oceania,Polynesia,2024,,,0,MISSING_2024
ATG,Antigua and Barbuda,Americas,Latin America and the Caribbean,2024,12.7970652063793,,0,MISSING_2016
AUS,Australia,Oceania,Australia and New Zealand,2024,0.943353670965352,26.74418604651163,1,INCLUDED_OBSERVED_BOTH_YEARS
AUT,Austria,Europe,Western Europe,2024,0.986754141324902,30.232558139534884,1,INCLUDED_OBSERVED_BOTH_YEARS
AZE,Azerbaijan,Asia,Western Asia,2024,1.9929227057989,45.348837209302324,1,INCLUDED_OBSERVED_BOTH_YEARS
BDI,Burundi,Africa,Sub-Saharan Africa,2024,,,0,MISSING_2024
BEL,Belgium,Europe,Western Europe,2024,,,0,MISSING_2016_AND_2024
BGD,Bangladesh,Asia,Southern Asia,2024,,,0,MISSING_2024
BGR,Bulgaria,Europe,Eastern Europe,2024,1.16903879188868,34.883720930232556,1,INCLUDED_OBSERVED_BOTH_YEARS
BHR,Bahrain,Asia,Western Asia,2024,,,0,MISSING_2024
BHS,Bahamas,Americas,Latin America and the Caribbean,2024,29.9040826548845,90.69767441860465,1,INCLUDED_OBSERVED_BOTH_YEARS
BIH,Bosnia and Herzegovina,Europe,Southern Europe,2024,0.979694101577845,29.069767441860463,1,INCLUDED_OBSERVED_BOTH_YEARS
BLR,Belarus,Europe,Eastern Europe,2024,1.53477603753068,39.53488372093023,1,INCLUDED_OBSERVED_BOTH_YEARS
BLZ,Belize,Americas,Latin America and the Caribbean,2024,,,0,MISSING_2024
BMU,Bermuda,Americas,Northern America,2024,,,0,MISSING_2024
BOL,Bolivia (Plurinational State of),Americas,Latin America and the Caribbean,2024,3.64930721567929,61.627906976744185,1,INCLUDED_OBSERVED_BOTH_YEARS
BRA,Brazil,Americas,Latin America and the Caribbean,2024,18.6911635044563,86.04651162790698,1,INCLUDED_OBSERVED_BOTH_YEARS
BRB,Barbados,Americas,Latin America and the Caribbean,2024,7.43448361315904,73.25581395348837,1,INCLUDED_OBSERVED_BOTH_YEARS
BRN,Brunei Darussalam,Asia,South-eastern Asia,2024,,,0,MISSING_2016_AND_2024
BTN,Bhutan,Asia,Southern Asia,2024,,,0,MISSING_2024
BWA,Botswana,Africa,Sub-Saharan Africa,2024,,,0,MISSING_2016_AND_2024
CAN,Canada,Americas,Northern America,2024,1.98276753585526,44.18604651162791,1,INCLUDED_OBSERVED_BOTH_YEARS
CHE,Switzerland,Europe,Western Europe,2024,0.504372291310641,5.813953488372093,1,INCLUDED_OBSERVED_BOTH_YEARS
CHL,Chile,Americas,Latin America and the Caribbean,2024,6.10682496379986,70.93023255813954,1,INCLUDED_OBSERVED_BOTH_YEARS
CHN,China,Asia,Eastern Asia,2024,,,0,MISSING_2024
CMR,Cameroon,Africa,Sub-Saharan Africa,2024,,,0,MISSING_2024
COK,Cook Islands,Oceania,Polynesia,2024,,,0,MISSING_2016_AND_2024
COL,Colombia,Americas,Latin America and the Caribbean,2024,24.3541040593574,88.37209302325581,1,INCLUDED_OBSERVED_BOTH_YEARS
CPV,Cabo Verde,Africa,Sub-Saharan Africa,2024,,,0,MISSING_2024
CRI,Costa Rica,Americas,Latin America and the Caribbean,2024,17.1153100151855,83.72093023255815,1,INCLUDED_OBSERVED_BOTH_YEARS
CUB,Cuba,Americas,Latin America and the Caribbean,2024,,,0,MISSING_2024
CUW,Curaçao,Americas,Latin America and the Caribbean,2024,,,0,MISSING_2016_AND_2024
CYM,Cayman Islands,Americas,Latin America and the Caribbean,2024,,,0,MISSING_2016_AND_2024
CYP,Cyprus,Asia,Western Asia,2024,0.957091384557846,27.906976744186046,1,INCLUDED_OBSERVED_BOTH_YEARS
CZE,Czechia,Europe,Eastern Europe,2024,0.614762172267724,8.13953488372093,1,INCLUDED_OBSERVED_BOTH_YEARS
DEU,Germany,Europe,Western Europe,2024,0.921323883995885,24.41860465116279,1,INCLUDED_OBSERVED_BOTH_YEARS
DMA,Dominica,Americas,Latin America and the Caribbean,2024,18.1255192206027,84.88372093023256,1,INCLUDED_OBSERVED_BOTH_YEARS
DNK,Denmark,Europe,Northern Europe,2024,0.836482410782459,18.6046511627907,1,INCLUDED_OBSERVED_BOTH_YEARS
DOM,Dominican Republic,Americas,Latin America and the Caribbean,2024,9.11830936393492,76.74418604651163,1,INCLUDED_OBSERVED_BOTH_YEARS
DZA,Algeria,Africa,Northern Africa,2024,1.38205611607093,38.372093023255815,1,INCLUDED_OBSERVED_BOTH_YEARS
ECU,Ecuador,Americas,Latin America and the Caribbean,2024,38.9402484715387,91.86046511627907,1,INCLUDED_OBSERVED_BOTH_YEARS
EGY,Egypt,Africa,Northern Africa,2024,,,0,MISSING_2024
ERI,Eritrea,Africa,Sub-Saharan Africa,2024,,,0,MISSING_2016_AND_2024
ESP,Spain,Europe,Southern Europe,2024,0.728441170438818,17.441860465116278,1,INCLUDED_OBSERVED_BOTH_YEARS
EST,Estonia,Europe,Northern Europe,2024,1.76399768916303,43.02325581395349,1,INCLUDED_OBSERVED_BOTH_YEARS
ETH,Ethiopia,Africa,Sub-Saharan Africa,2024,,,0,MISSING_2016_AND_2024
FIN,Finland,Europe,Northern Europe,2024,,,0,MISSING_2024
FJI,Fiji,Oceania,Melanesia,2024,2.36868852176609,50.0,1,INCLUDED_OBSERVED_BOTH_YEARS
FRA,France,Europe,Western Europe,2024,1.32534857400044,37.2093023255814,1,INCLUDED_OBSERVED_BOTH_YEARS
FSM,Micronesia (Federated States of),Oceania,Micronesia,2024,,,0,MISSING_2016_AND_2024
GEO,Georgia,Asia,Western Asia,2024,,,0,MISSING_2024
GHA,Ghana,Africa,Sub-Saharan Africa,2024,,,0,MISSING_2024
GIB,Gibraltar,Europe,Southern Europe,2024,0.0,,0,MISSING_2016
GLP,Guadeloupe,Americas,Latin America and the Caribbean,2024,,,0,MISSING_2024
GNB,Guinea-Bissau,Africa,Sub-Saharan Africa,2024,,,0,MISSING_2024
GRC,Greece,Europe,Southern Europe,2024,0.845954939563237,20.930232558139537,1,INCLUDED_OBSERVED_BOTH_YEARS
GRD,Grenada,Americas,Latin America and the Caribbean,2024,,,0,MISSING_2024
GRL,Greenland,Americas,Northern America,2024,,,0,MISSING_2024
GTM,Guatemala,Americas,Latin America and the Caribbean,2024,22.7584390807546,,0,MISSING_2016
GUF,French Guiana,Americas,Latin America and the Caribbean,2024,,,0,MISSING_2016_AND_2024
GUM,Guam,Oceania,Micronesia,2024,,,0,MISSING_2016_AND_2024
GUY,Guyana,Americas,Latin America and the Caribbean,2024,14.07795698763,81.3953488372093,1,INCLUDED_OBSERVED_BOTH_YEARS
HKG,"China, Hong Kong Special Administrative Region",Asia,Eastern Asia,2024,,,0,MISSING_2024
HND,Honduras,Americas,Latin America and the Caribbean,2024,23.9153049037414,87.20930232558139,1,INCLUDED_OBSERVED_BOTH_YEARS
HRV,Croatia,Europe,Southern Europe,2024,1.00636720791159,31.3953488372093,1,INCLUDED_OBSERVED_BOTH_YEARS
HTI,Haiti,Americas,Latin America and the Caribbean,2024,64.33606564827,100.0,1,INCLUDED_OBSERVED_BOTH_YEARS
HUN,Hungary,Europe,Eastern Europe,2024,0.702759970936741,13.953488372093023,1,INCLUDED_OBSERVED_BOTH_YEARS
IDN,Indonesia,Asia,South-eastern Asia,2024,0.414832475557544,,0,MISSING_2016
IMN,Isle of Man,Europe,Northern Europe,2024,,,0,MISSING_2024
IND,India,Asia,Southern Asia,2024,,,0,MISSING_2024
IRL,Ireland,Europe,Northern Europe,2024,0.704088996849202,15.116279069767442,1,INCLUDED_OBSERVED_BOTH_YEARS
IRN,Iran (Islamic Republic of),Asia,Southern Asia,2024,,,0,MISSING_2016_AND_2024
IRQ,Iraq,Asia,Western Asia,2024,,,0,MISSING_2016_AND_2024
ISL,Iceland,Europe,Northern Europe,2024,2.03357689653288,47.674418604651166,1,INCLUDED_OBSERVED_BOTH_YEARS
ISR,Israel,Asia,Western Asia,2024,3.717899427305,62.7906976744186,1,INCLUDED_OBSERVED_BOTH_YEARS
ITA,Italy,Europe,Southern Europe,2024,0.566201157756669,6.976744186046512,1,INCLUDED_OBSERVED_BOTH_YEARS
JAM,Jamaica,Americas,Latin America and the Caribbean,2024,40.3638380867682,94.18604651162791,1,INCLUDED_OBSERVED_BOTH_YEARS
JOR,Jordan,Asia,Western Asia,2024,0.839617771367061,19.767441860465116,1,INCLUDED_OBSERVED_BOTH_YEARS
JPN,Japan,Asia,Eastern Asia,2024,0.22868124913391,2.3255813953488373,1,INCLUDED_OBSERVED_BOTH_YEARS
KAZ,Kazakhstan,Asia,Central Asia,2024,,,0,MISSING_2016_AND_2024
KEN,Kenya,Africa,Sub-Saharan Africa,2024,4.64976623716666,68.6046511627907,1,INCLUDED_OBSERVED_BOTH_YEARS
KHM,Cambodia,Asia,South-eastern Asia,2024,,,0,MISSING_2016_AND_2024
KIR,Kiribati,Oceania,Micronesia,2024,,,0,MISSING_2016_AND_2024
KNA,Saint Kitts and Nevis,Americas,Latin America and the Caribbean,2024,59.7741391456568,98.83720930232558,1,INCLUDED_OBSERVED_BOTH_YEARS
KOR,Republic of Korea,Asia,Eastern Asia,2024,0.489195262192225,4.651162790697675,1,INCLUDED_OBSERVED_BOTH_YEARS
KWT,Kuwait,Asia,Western Asia,2024,,,0,MISSING_2016_AND_2024
LBN,Lebanon,Asia,Western Asia,2024,2.63522243473368,54.651162790697676,1,INCLUDED_OBSERVED_BOTH_YEARS
LBR,Liberia,Africa,Sub-Saharan Africa,2024,,,0,MISSING_2016_AND_2024
LCA,Saint Lucia,Americas,Latin America and the Caribbean,2024,40.6134296928679,95.34883720930233,1,INCLUDED_OBSERVED_BOTH_YEARS
LIE,Liechtenstein,Europe,Western Europe,2024,2.50815149235014,53.48837209302326,1,INCLUDED_OBSERVED_BOTH_YEARS
LKA,Sri Lanka,Asia,Southern Asia,2024,,,0,MISSING_2024
LSO,Lesotho,Africa,Sub-Saharan Africa,2024,22.2039447297183,,0,MISSING_2016
LTU,Lithuania,Europe,Northern Europe,2024,2.65817031491798,55.81395348837209,1,INCLUDED_OBSERVED_BOTH_YEARS
LUX,Luxembourg,Europe,Western Europe,2024,,,0,MISSING_2024
LVA,Latvia,Europe,Northern Europe,2024,2.77796846631833,58.13953488372093,1,INCLUDED_OBSERVED_BOTH_YEARS
MAC,"China, Macao Special Administrative Region",Asia,Eastern Asia,2024,0.138838367149732,0.0,1,INCLUDED_OBSERVED_BOTH_YEARS
MAF,Saint Martin (French Part),Americas,Latin America and the Caribbean,2024,,,0,MISSING_2024
MAR,Morocco,Africa,Northern Africa,2024,1.66749065213931,40.69767441860465,1,INCLUDED_OBSERVED_BOTH_YEARS
MCO,Monaco,Europe,Western Europe,2024,,,0,MISSING_2016_AND_2024
MDA,Republic of Moldova,Europe,Eastern Europe,2024,2.00991083738981,46.51162790697674,1,INCLUDED_OBSERVED_BOTH_YEARS
MDV,Maldives,Asia,Southern Asia,2024,,,0,MISSING_2016_AND_2024
MEX,Mexico,Americas,Latin America and the Caribbean,2024,25.6378892147758,89.53488372093024,1,INCLUDED_OBSERVED_BOTH_YEARS
MKD,North Macedonia,Europe,Southern Europe,2024,1.26165038132011,36.04651162790697,1,INCLUDED_OBSERVED_BOTH_YEARS
MLT,Malta,Europe,Southern Europe,2024,0.926600285022248,25.58139534883721,1,INCLUDED_OBSERVED_BOTH_YEARS
MMR,Myanmar,Asia,South-eastern Asia,2024,,,0,MISSING_2024
MNE,Montenegro,Europe,Southern Europe,2024,2.50595752245377,52.325581395348834,1,INCLUDED_OBSERVED_BOTH_YEARS
MNG,Mongolia,Asia,Eastern Asia,2024,5.6394114295908,69.76744186046511,1,INCLUDED_OBSERVED_BOTH_YEARS
MOZ,Mozambique,Africa,Sub-Saharan Africa,2024,,,0,MISSING_2016_AND_2024
MRT,Mauritania,Africa,Sub-Saharan Africa,2024,,,0,MISSING_2016_AND_2024
MSR,Montserrat,Americas,Latin America and the Caribbean,2024,,,0,MISSING_2016_AND_2024
MTQ,Martinique,Americas,Latin America and the Caribbean,2024,,,0,MISSING_2016_AND_2024
MUS,Mauritius,Africa,Sub-Saharan Africa,2024,2.67470336359682,56.97674418604651,1,INCLUDED_OBSERVED_BOTH_YEARS
MWI,Malawi,Africa,Sub-Saharan Africa,2024,,,0,MISSING_2016_AND_2024
MYS,Malaysia,Asia,South-eastern Asia,2024,0.68620912445242,11.627906976744185,1,INCLUDED_OBSERVED_BOTH_YEARS
MYT,Mayotte,Africa,Sub-Saharan Africa,2024,,,0,MISSING_2016_AND_2024
NAM,Namibia,Africa,Sub-Saharan Africa,2024,,,0,MISSING_2016_AND_2024
NCL,New Caledonia,Oceania,Melanesia,2024,,,0,MISSING_2016_AND_2024
NER,Niger,Africa,Sub-Saharan Africa,2024,,,0,MISSING_2016_AND_2024
NGA,Nigeria,Africa,Sub-Saharan Africa,2024,,,0,MISSING_2024
NIC,Nicaragua,Americas,Latin America and the Caribbean,2024,,,0,MISSING_2024
NLD,Netherlands (Kingdom of the),Europe,Western Europe,2024,0.658301068123655,9.30232558139535,1,INCLUDED_OBSERVED_BOTH_YEARS
NOR,Norway,Europe,Northern Europe,2024,0.699343334540747,12.790697674418604,1,INCLUDED_OBSERVED_BOTH_YEARS
NPL,Nepal,Asia,Southern Asia,2024,,,0,MISSING_2024
NZL,New Zealand,Oceania,Australia and New Zealand,2024,,,0,MISSING_2024
OMN,Oman,Asia,Western Asia,2024,,,0,MISSING_2024
PAK,Pakistan,Asia,Southern Asia,2024,4.32882404941659,67.44186046511628,1,INCLUDED_OBSERVED_BOTH_YEARS
PAN,Panama,Americas,Latin America and the Caribbean,2024,12.7779904982243,79.06976744186046,1,INCLUDED_OBSERVED_BOTH_YEARS
PER,Peru,Americas,Latin America and the Caribbean,2024,,,0,MISSING_2024
PHL,Philippines,Asia,South-eastern Asia,2024,4.31184545651845,66.27906976744185,1,INCLUDED_OBSERVED_BOTH_YEARS
PLW,Palau,Oceania,Micronesia,2024,,,0,MISSING_2024
PNG,Papua New Guinea,Oceania,Melanesia,2024,,,0,MISSING_2016_AND_2024
POL,Poland,Europe,Eastern Europe,2024,0.677232514498679,10.465116279069768,1,INCLUDED_OBSERVED_BOTH_YEARS
PRI,Puerto Rico,Americas,Latin America and the Caribbean,2024,15.205705748312,82.55813953488372,1,INCLUDED_OBSERVED_BOTH_YEARS
PRT,Portugal,Europe,Southern Europe,2024,,,0,MISSING_2024
PRY,Paraguay,Americas,Latin America and the Caribbean,2024,6.88395825579259,72.09302325581395,1,INCLUDED_OBSERVED_BOTH_YEARS
PSE,State of Palestine,Asia,Western Asia,2024,0.272953427048556,3.488372093023256,1,INCLUDED_OBSERVED_BOTH_YEARS
PYF,French Polynesia,Oceania,Polynesia,2024,,,0,MISSING_2016_AND_2024
QAT,Qatar,Asia,Western Asia,2024,,,0,MISSING_2024
REU,Réunion,Africa,Sub-Saharan Africa,2024,,,0,MISSING_2016_AND_2024
ROU,Romania,Europe,Eastern Europe,2024,1.12016310416234,33.72093023255814,1,INCLUDED_OBSERVED_BOTH_YEARS
RUS,Russian Federation,Europe,Eastern Europe,2024,7.82141065835721,74.4186046511628,1,INCLUDED_OBSERVED_BOTH_YEARS
RWA,Rwanda,Africa,Sub-Saharan Africa,2024,,,0,MISSING_2024
SAU,Saudi Arabia,Asia,Western Asia,2024,0.800877278615474,,0,MISSING_2016
SGP,Singapore,Asia,South-eastern Asia,2024,0.171456386553224,1.1627906976744187,1,INCLUDED_OBSERVED_BOTH_YEARS
SHN,Saint Helena,Africa,Sub-Saharan Africa,2024,,,0,MISSING_2016_AND_2024
SLB,Solomon Islands,Oceania,Melanesia,2024,,,0,MISSING_2016_AND_2024
SLE,Sierra Leone,Africa,Sub-Saharan Africa,2024,,,0,MISSING_2016_AND_2024
SLV,El Salvador,Americas,Latin America and the Caribbean,2024,3.29746979935764,59.30232558139535,1,INCLUDED_OBSERVED_BOTH_YEARS
SMR,San Marino,Europe,Southern Europe,2024,,,0,MISSING_2016_AND_2024
SPM,Saint Pierre and Miquelon,Americas,Northern America,2024,,,0,MISSING_2016_AND_2024
SRB,Serbia,Europe,Southern Europe,2024,0.890707780154318,23.25581395348837,1,INCLUDED_OBSERVED_BOTH_YEARS
SSD,South Sudan,Africa,Sub-Saharan Africa,2024,,,0,MISSING_2016_AND_2024
STP,Sao Tome and Principe,Africa,Sub-Saharan Africa,2024,,,0,MISSING_2016_AND_2024
SUR,Suriname,Americas,Latin America and the Caribbean,2024,4.25578195264733,65.11627906976744,1,INCLUDED_OBSERVED_BOTH_YEARS
SVK,Slovakia,Europe,Eastern Europe,2024,1.07141050921145,32.55813953488372,1,INCLUDED_OBSERVED_BOTH_YEARS
SVN,Slovenia,Europe,Southern Europe,2024,0.707982478849613,16.27906976744186,1,INCLUDED_OBSERVED_BOTH_YEARS
SWE,Sweden,Europe,Northern Europe,2024,0.867351830616747,22.093023255813954,1,INCLUDED_OBSERVED_BOTH_YEARS
SWZ,Eswatini,Africa,Sub-Saharan Africa,2024,13.6785531952899,80.23255813953489,1,INCLUDED_OBSERVED_BOTH_YEARS
SYC,Seychelles,Africa,Sub-Saharan Africa,2024,,,0,MISSING_2024
SYR,Syrian Arab Republic,Asia,Western Asia,2024,,,0,MISSING_2016_AND_2024
TCA,Turks and Caicos Islands,Americas,Latin America and the Caribbean,2024,103.149276343358,,0,MISSING_2016
THA,Thailand,Asia,South-eastern Asia,2024,,,0,MISSING_2016_AND_2024
TJK,Tajikistan,Asia,Central Asia,2024,,,0,MISSING_2016_AND_2024
TKM,Turkmenistan,Asia,Central Asia,2024,,,0,MISSING_2016_AND_2024
TLS,Timor-Leste,Asia,South-eastern Asia,2024,,,0,MISSING_2016_AND_2024
TON,Tonga,Oceania,Polynesia,2024,,,0,MISSING_2016_AND_2024
TTO,Trinidad and Tobago,Americas,Latin America and the Caribbean,2024,41.5179520374802,96.51162790697674,1,INCLUDED_OBSERVED_BOTH_YEARS
TUN,Tunisia,Africa,Northern Africa,2024,,,0,MISSING_2016_AND_2024
TUR,Türkiye,Asia,Western Asia,2024,2.41215070042969,51.16279069767442,1,INCLUDED_OBSERVED_BOTH_YEARS
TUV,Tuvalu,Oceania,Polynesia,2024,,,0,MISSING_2016_AND_2024
TZA,United Republic of Tanzania,Africa,Sub-Saharan Africa,2024,3.30075090113927,60.46511627906977,1,INCLUDED_OBSERVED_BOTH_YEARS
UGA,Uganda,Africa,Sub-Saharan Africa,2024,8.81933788286006,75.5813953488372,1,INCLUDED_OBSERVED_BOTH_YEARS
UKR,Ukraine,Europe,Eastern Europe,2024,,,0,MISSING_2016_AND_2024
URY,Uruguay,Americas,Latin America and the Caribbean,2024,11.2797912352774,77.90697674418605,1,INCLUDED_OBSERVED_BOTH_YEARS
USA,United States of America,Americas,Northern America,2024,,,0,MISSING_2024
UZB,Uzbekistan,Asia,Central Asia,2024,,,0,MISSING_2024
VAT,Holy See,Europe,Southern Europe,2024,0.0,,0,MISSING_2016
VCT,Saint Vincent and the Grenadines,Americas,Latin America and the Caribbean,2024,50.687763377594,97.67441860465117,1,INCLUDED_OBSERVED_BOTH_YEARS
VEN,Venezuela (Bolivarian Republic of),Americas,Latin America and the Caribbean,2024,,,0,MISSING_2024
VGB,British Virgin Islands,Americas,Latin America and the Caribbean,2024,,,0,MISSING_2016_AND_2024
VIR,United States Virgin Islands,Americas,Latin America and the Caribbean,2024,,,0,MISSING_2016_AND_2024
VNM,Viet Nam,Asia,South-eastern Asia,2024,,,0,MISSING_2016_AND_2024
VUT,Vanuatu,Oceania,Melanesia,2024,,,0,MISSING_2016_AND_2024
WSM,Samoa,Oceania,Polynesia,2024,,,0,MISSING_2016_AND_2024
XKX,Kosovo under UNSCR 1244,Europe,Southern Europe,2024,,,0,MISSING_2024
YEM,Yemen,Asia,Western Asia,2024,,,0,MISSING_2016_AND_2024
ZAF,South Africa,Africa,Sub-Saharan Africa,2024,39.7189774932538,93.02325581395348,1,INCLUDED_OBSERVED_BOTH_YEARS
ZMB,Zambia,Africa,Sub-Saharan Africa,2024,,,0,MISSING_2016_AND_2024
ZWE,Zimbabwe,Africa,Sub-Saharan Africa,2024,,,0,MISSING_2016_AND_2024
