year,microrregion_code,microrregion_name,uf,macroregion,homicide_count,population,homicide_rate_per_100k,percentile_unweighted,bubble_area_points2
2024,26019,Fernando de Noronha,PE,Nordeste,0,3316.0,0.0,0.17921146953405018,0.4421333333333333
2024,29025,Livramento do Brumado,BA,Nordeste,1,101316.0,0.9870109360811717,0.35842293906810035,13.5088
2024,35049,Campos do Jordão,SP,Sudeste,1,71430.0,1.3999720005599887,0.5376344086021505,9.524
2024,43034,Jaguarão,RS,Sul,1,51600.0,1.937984496124031,0.7168458781362007,6.88
2024,35008,Novo Horizonte,SP,Sudeste,2,87843.0,2.2767892717689513,0.8960573476702509,11.7124
2024,31008,Grão Mogol,MG,Sudeste,1,38054.0,2.627844641824775,1.075268817204301,5.0738666666666665
2024,35001,Jales,SP,Sudeste,5,163205.0,3.0636316289329373,1.2544802867383513,21.760666666666665
2024,35061,São Paulo,SP,Sudeste,453,14684589.0,3.084866726607057,1.4336917562724014,1957.9452
2024,35034,Dracena,SP,Sudeste,4,126852.0,3.153280988868918,1.6129032258064515,16.9136
2024,31053,Santa Rita do Sapucaí,MG,Sudeste,5,150692.0,3.318026172590449,1.7921146953405018,20.092266666666667
2024,35037,Tupã,SP,Sudeste,4,115486.0,3.463623296330291,1.971326164874552,15.398133333333334
2024,23028,Lavras da Mangabeira,CE,Nordeste,2,57389.0,3.4849884124135286,2.150537634408602,7.651866666666667
2024,25014,Esperança,PB,Nordeste,2,57363.0,3.4865679967923575,2.3297491039426523,7.6484
2024,35030,São João da Boa Vista,SP,Sudeste,16,423794.0,3.7754191895118856,2.5089605734767026,56.50586666666667
2024,35052,Bananal,SP,Sudeste,1,26300.0,3.802281368821293,2.6881720430107525,3.506666666666667
2024,41032,Irati,PR,Sul,4,103419.0,3.8677612430984634,2.867383512544803,13.7892
2024,31032,Itaguara,MG,Sudeste,3,72800.0,4.1208791208791204,3.046594982078853,9.706666666666667
2024,42007,São Bento do Sul,SC,Sul,6,139834.0,4.29080195088462,3.225806451612903,18.64453333333333
2024,31026,Bom Despacho,MG,Sudeste,8,185246.0,4.318581777744189,3.4050179211469533,24.699466666666666
2024,35015,Batatais,SP,Sudeste,5,113180.0,4.4177416504682805,3.5842293906810037,15.090666666666667
2024,50006,Paranaíba,MS,Centro-Oeste,4,89294.0,4.479584294577463,3.763440860215054,11.905866666666666
2024,31056,Itajubá,MG,Sudeste,9,200761.0,4.482942404152201,3.942652329749104,26.768133333333335
2024,35060,Itapecerica da Serra,SP,Sudeste,52,1159902.0,4.483137368501822,4.121863799283154,154.6536
2024,35033,Amparo,SP,Sudeste,9,198630.0,4.531037607612143,4.301075268817204,26.484
2024,31054,São Lourenço,MG,Sudeste,10,219569.0,4.5543769840004735,4.480286738351254,29.275866666666666
2024,35009,Barretos,SP,Sudeste,7,152223.0,4.598516649914927,4.659498207885305,20.2964
2024,35048,Bragança Paulista,SP,Sudeste,29,629424.0,4.607387071354127,4.838709677419355,83.9232
2024,42012,Blumenau,SC,Sul,42,872583.0,4.813295697945066,5.017921146953405,116.3444
2024,35024,Araraquara,SP,Sudeste,27,557327.0,4.844552659390268,5.197132616487456,74.31026666666666
2024,35035,Adamantina,SP,Sudeste,8,162435.0,4.925046941853664,5.376344086021505,21.658
2024,31048,São Sebastião do Paraíso,MG,Sudeste,14,283840.0,4.932356257046223,5.555555555555555,37.845333333333336
2024,35058,Franco da Rocha,SP,Sudeste,26,516549.0,5.033404381772107,5.734767025089606,68.8732
2024,42018,Tubarão,SC,Sul,23,456220.0,5.041427381526456,5.913978494623656,60.82933333333333
2024,31005,Salinas,MG,Sudeste,11,217162.0,5.065342923715936,6.093189964157706,28.954933333333333
2024,31057,Lavras,MG,Sudeste,9,170859.0,5.267501272979474,6.272401433691757,22.7812
2024,31011,Capelinha,MG,Sudeste,10,188589.0,5.302536203065927,6.451612903225806,25.1452
2024,35011,Ituverava,SP,Sudeste,5,93969.0,5.320903702284796,6.630824372759856,12.5292
2024,31049,Alfenas,MG,Sudeste,13,240400.0,5.40765391014975,6.810035842293907,32.053333333333335
2024,42005,Concórdia,SC,Sul,9,165710.0,5.431174944179591,6.989247311827957,22.094666666666665
2024,35012,Franca,SP,Sudeste,24,437336.0,5.487771416027951,7.168458781362007,58.31146666666667
2024,35021,Jaú,SP,Sudeste,20,361840.0,5.527304886137519,7.347670250896058,48.245333333333335
2024,35042,Itapetininga,SP,Sudeste,12,215961.0,5.556558823120842,7.526881720430108,28.7948
2024,35003,Votuporanga,SP,Sudeste,9,160971.0,5.591069198799784,7.706093189964157,21.4628
2024,41025,Capanema,PR,Sul,6,106340.0,5.642279480910288,7.885304659498208,14.178666666666667
2024,31042,Piuí,MG,Sudeste,5,88499.0,5.649781353461621,8.064516129032258,11.799866666666667
2024,35031,Mogi Mirim,SP,Sudeste,25,437829.0,5.709991800451775,8.243727598566307,58.3772
2024,31047,Passos,MG,Sudeste,14,242135.0,5.7818985276808395,8.422939068100359,32.284666666666666
2024,35059,Guarulhos,SP,Sudeste,88,1489893.0,5.906464423955278,8.602150537634408,198.6524
2024,35007,Nhandeara,SP,Sudeste,4,67427.0,5.932341643555253,8.78136200716846,8.990266666666667
2024,42001,São Miguel do Oeste,SC,Sul,12,190692.0,6.292870178088226,8.960573476702509,25.4256
2024,42019,Criciúma,SC,Sul,28,444035.0,6.305809226750144,9.13978494623656,59.20466666666667
2024,35022,Avaré,SP,Sudeste,13,206044.0,6.309331987342509,9.31899641577061,27.472533333333335
2024,41017,Ibaiti,PR,Sul,5,78999.0,6.329194040430892,9.498207885304659,10.5332
2024,52008,Iporá,GO,Centro-Oeste,4,63164.0,6.332721170286872,9.67741935483871,8.421866666666666
2024,35010,São Joaquim da Barra,SP,Sudeste,14,217836.0,6.426853229034687,9.85663082437276,29.0448
2024,29022,Boquira,BA,Nordeste,12,186614.0,6.430385715969863,10.03584229390681,24.881866666666667
2024,35056,Itanhaém,SP,Sudeste,18,279798.0,6.433212531898012,10.21505376344086,37.3064
2024,35040,Ourinhos,SP,Sudeste,20,308088.0,6.491651735867674,10.394265232974911,41.0784
2024,31036,Peçanha,MG,Sudeste,5,76860.0,6.505334374186833,10.57347670250896,10.248
2024,31028,Conceição do Mato Dentro,MG,Sudeste,6,91794.0,6.536374926465782,10.75268817204301,12.2392
2024,35047,Jundiaí,SP,Sudeste,52,787782.0,6.600810884229394,10.931899641577061,105.0376
2024,22006,Valença do Piauí,PI,Nordeste,7,104555.0,6.6950408875711345,11.11111111111111,13.940666666666667
2024,35002,Fernandópolis,SP,Sudeste,8,118731.0,6.737920172490757,11.290322580645162,15.8308
2024,35062,Mogi das Cruzes,SP,Sudeste,104,1539817.0,6.754049344824742,11.469534050179211,205.30893333333333
2024,42011,Rio do Sul,SC,Sul,17,250060.0,6.79836839158602,11.64874551971326,33.34133333333333
2024,41039,Rio Negro,PR,Sul,7,101585.0,6.890781119259733,11.827956989247312,13.544666666666666
2024,31034,Conselheiro Lafaiete,MG,Sudeste,20,281725.0,7.09912148371639,12.007168458781361,37.56333333333333
2024,42017,Tabuleiro,SC,Sul,2,28091.0,7.119718059164857,12.186379928315413,3.7454666666666667
2024,52009,Anicuns,GO,Centro-Oeste,8,112241.0,7.1275202466122005,12.365591397849462,14.965466666666666
2024,31051,Poços de Caldas,MG,Sudeste,27,378254.0,7.138060668228228,12.544802867383513,50.43386666666667
2024,42008,Joinville,SC,Sul,81,1131955.0,7.155761492285471,12.724014336917563,150.92733333333334
2024,31052,Pouso Alegre,MG,Sudeste,30,415791.0,7.215163387374907,12.903225806451612,55.4388
2024,31044,Formiga,MG,Sudeste,12,166022.0,7.22795774054041,13.082437275985663,22.136266666666668
2024,23004,Meruoca,CE,Nordeste,2,27503.0,7.2719339708395445,13.261648745519713,3.6670666666666665
2024,31065,Juiz de Fora,MG,Sudeste,57,783380.0,7.2761622711838445,13.440860215053764,104.45066666666666
2024,35023,Botucatu,SP,Sudeste,17,233071.0,7.29391472984627,13.620071684587813,31.076133333333335
2024,35057,Osasco,SP,Sudeste,156,2128205.0,7.33012092350126,13.799283154121865,283.7606666666667
2024,43017,Santiago,RS,Sul,8,107349.0,7.4523283868503665,13.978494623655914,14.3132
2024,35039,Assis,SP,Sudeste,21,275673.0,7.61772099552731,14.157706093189963,36.7564
2024,35014,Ribeirão Preto,SP,Sudeste,92,1206706.0,7.624060873153859,14.336917562724015,160.89413333333334
2024,35028,Piracicaba,SP,Sudeste,50,649210.0,7.701668181328076,14.516129032258064,86.56133333333334
2024,35050,São José dos Campos,SP,Sudeste,127,1645926.0,7.716021254904534,14.695340501792115,219.4568
2024,31017,Ituiutaba,MG,Sudeste,12,154413.0,7.771366400497367,14.874551971326165,20.5884
2024,35038,Marília,SP,Sudeste,28,359899.0,7.779960488914946,15.053763440860216,47.986533333333334
2024,35045,Piedade,SP,Sudeste,16,201331.0,7.94711196984071,15.232974910394265,26.844133333333332
2024,35044,Capão Bonito,SP,Sudeste,11,136453.0,8.061383773167318,15.412186379928315,18.193733333333334
2024,35053,Paraibuna/Paraitinga,SP,Sudeste,6,74405.0,8.063974195282576,15.591397849462366,9.920666666666667
2024,35013,Jaboticabal,SP,Sudeste,34,420590.0,8.083882165529376,15.770609318996415,56.07866666666666
2024,31010,Diamantina,MG,Sudeste,7,86401.0,8.101758081503686,15.949820788530467,11.520133333333334
2024,31021,Frutal,MG,Sudeste,16,196597.0,8.138476172067733,16.129032258064516,26.212933333333332
2024,31007,Montes Claros,MG,Sudeste,55,673471.0,8.166647116208418,16.308243727598565,89.79613333333333
2024,31046,Oliveira,MG,Sudeste,11,130103.0,8.454839627064711,16.487455197132615,17.347066666666667
2024,42016,Florianópolis,SC,Sul,108,1268982.0,8.51075901785841,16.666666666666668,169.1976
2024,31001,Unaí,MG,Sudeste,14,164283.0,8.521879926711833,16.845878136200717,21.9044
2024,43024,Gramado-Canela,RS,Sul,29,338956.0,8.55568274348293,17.025089605734767,45.19413333333333
2024,35018,Birigui,SP,Sudeste,24,278091.0,8.630268509228994,17.204301075268816,37.0788
2024,22014,Pio IX,PI,Nordeste,5,57751.0,8.657858738376826,17.38351254480287,7.7001333333333335
2024,15002,Santarém,PA,Norte,53,611978.0,8.660442042034191,17.56272401433692,81.59706666666666
2024,25005,Piancó,PB,Nordeste,6,69117.0,8.680932332132471,17.741935483870968,9.2156
2024,35025,São Carlos,SP,Sudeste,31,354975.0,8.733009366856821,17.921146953405017,47.33
2024,31019,Patrocínio,MG,Sudeste,19,216488.0,8.776467979749455,18.100358422939067,28.865066666666667
2024,35032,Campinas,SP,Sudeste,272,3085646.0,8.815009887718812,18.27956989247312,411.41946666666666
2024,35041,Itapeva,SP,Sudeste,22,248619.0,8.848881219858498,18.45878136200717,33.1492
2024,35004,São José do Rio Preto,SP,Sudeste,82,925410.0,8.860937314271512,18.63799283154122,123.388
2024,15006,Arari,PA,Norte,16,179765.0,8.900508997858315,18.817204301075268,23.968666666666667
2024,42009,Curitibanos,SC,Sul,12,133578.0,8.983515249517136,18.996415770609318,17.8104
2024,31063,Muriaé,MG,Sudeste,26,289220.0,8.989696424866883,19.17562724014337,38.562666666666665
2024,35046,Sorocaba,SP,Sudeste,149,1635595.0,9.109834647330176,19.35483870967742,218.07933333333332
2024,43033,Pelotas,RS,Sul,45,491113.0,9.16286068582994,19.53405017921147,65.48173333333334
2024,35006,Auriflama,SP,Sudeste,4,43593.0,9.175785103112885,19.71326164874552,5.8124
2024,31059,Barbacena,MG,Sudeste,21,228405.0,9.194194522886978,19.892473118279568,30.454
2024,42014,Ituporanga,SC,Sul,6,65195.0,9.203159751514686,20.07168458781362,8.692666666666666
2024,42003,Xanxerê,SC,Sul,16,173725.0,9.209958267376601,20.25089605734767,23.163333333333334
2024,25017,Campina Grande,PB,Nordeste,53,574583.0,9.224080768139677,20.43010752688172,76.61106666666667
2024,31050,Varginha,MG,Sudeste,44,476881.0,9.226620477645367,20.60931899641577,63.584133333333334
2024,42004,Joaçaba,SC,Sul,33,356935.0,9.24538081163237,20.788530465949822,47.59133333333333
2024,35043,Tatuí,SP,Sudeste,29,310066.0,9.352847458283076,20.967741935483872,41.34213333333334
2024,35005,Catanduva,SP,Sudeste,21,224240.0,9.364966107741706,21.14695340501792,29.898666666666667
2024,24013,Baixa Verde,RN,Nordeste,6,63995.0,9.375732479099929,21.32616487455197,8.532666666666668
2024,12003,Sena Madureira,AC,Norte,6,63835.0,9.399232396020992,21.50537634408602,8.511333333333333
2024,42002,Chapecó,SC,Sul,50,530474.0,9.425532636849308,21.684587813620073,70.72986666666667
2024,31033,Ouro Preto,MG,Sudeste,19,201132.0,9.446532625340572,21.863799283154123,26.8176
2024,22007,Alto Parnaíba Piauiense,PI,Nordeste,5,52763.0,9.47633758505013,22.043010752688172,7.035066666666666
2024,22008,Bertolínia,PI,Nordeste,4,42087.0,9.504122413096681,22.22222222222222,5.6116
2024,35036,Presidente Prudente,SP,Sudeste,58,605882.0,9.572821110381229,22.40143369175627,80.78426666666667
2024,29026,Guanambi,BA,Nordeste,38,395576.0,9.606245070479503,22.580645161290324,52.74346666666667
2024,41013,Ivaiporã,PR,Sul,13,134383.0,9.673842673552459,22.759856630824373,17.917733333333334
2024,52007,Anápolis,GO,Centro-Oeste,63,647461.0,9.73031580280511,22.939068100358423,86.32813333333333
2024,22005,Médio Parnaíba Piauiense,PI,Nordeste,13,133310.0,9.751706548646013,23.118279569892472,17.77466666666667
2024,41031,Prudentópolis,PR,Sul,13,132925.0,9.7799511002445,23.29749103942652,17.723333333333333
2024,35027,Limeira,SP,Sudeste,63,642446.0,9.806271655516573,23.476702508960575,85.65946666666666
2024,33015,Serrana,RJ,Sudeste,49,494474.0,9.909520015208079,23.655913978494624,65.92986666666667
2024,43005,Sananduva,RS,Sul,6,60124.0,9.979375956356863,23.835125448028673,8.016533333333333
2024,43023,Montenegro,RS,Sul,23,228057.0,10.085197998745928,24.014336917562723,30.4076
2024,42006,Canoinhas,SC,Sul,26,257551.0,10.095087963160694,24.193548387096776,34.340133333333334
2024,35020,Bauru,SP,Sudeste,64,627513.0,10.198991893395037,24.372759856630825,83.6684
2024,35019,Lins,SP,Sudeste,17,166538.0,10.207880483733442,24.551971326164875,22.205066666666667
2024,25011,Cariri Oriental,PB,Nordeste,7,68456.0,10.225546336332826,24.731182795698924,9.127466666666667
2024,33008,Santa Maria Madalena,RJ,Sudeste,3,29230.0,10.263427984946972,24.910394265232974,3.8973333333333335
2024,22011,São Raimundo Nonato,PI,Nordeste,15,146018.0,10.272706104726815,25.089605734767026,19.469066666666667
2024,35055,Registro,SP,Sudeste,26,252074.0,10.314431476471196,25.268817204301076,33.60986666666667
2024,53001,Brasília,DF,Centro-Oeste,308,2982818.0,10.325805999561489,25.448028673835125,397.7090666666667
2024,24012,Seridó Oriental,RN,Nordeste,13,122481.0,10.613891134135091,25.627240143369175,16.3308
2024,43008,Ijuí,RS,Sul,21,197385.0,10.639106315069535,25.806451612903224,26.318
2024,42015,Tijucas,SC,Sul,14,131183.0,10.672114527034752,25.985663082437277,17.491066666666665
2024,25012,Curimataú Ocidental,PB,Nordeste,13,121794.0,10.673760612181225,26.164874551971327,16.2392
2024,21004,Lençóis Maranhenses,MA,Nordeste,21,195311.0,10.752082575994184,26.344086021505376,26.04146666666667
2024,43022,Cachoeira do Sul,RS,Sul,16,148644.0,10.763972982427815,26.523297491039425,19.8192
2024,31031,Itabira,MG,Sudeste,44,408219.0,10.778528191975386,26.70250896057348,54.4292
2024,31022,Uberaba,MG,Sudeste,45,416441.0,10.80585244968675,26.881720430107528,55.52546666666667
2024,35016,Andradina,SP,Sudeste,21,192245.0,10.923561080912377,27.060931899641577,25.632666666666665
2024,43025,São Jerônimo,RS,Sul,16,144909.0,11.041412196619948,27.240143369175627,19.3212
2024,33007,Nova Friburgo,RJ,Sudeste,29,260108.0,11.149214941485845,27.419354838709676,34.681066666666666
2024,31023,Araxá,MG,Sudeste,27,242100.0,11.152416356877323,27.59856630824373,32.28
2024,31018,Uberlândia,MG,Sudeste,111,993750.0,11.169811320754716,27.77777777777778,132.5
2024,25015,Brejo Paraibano,PB,Nordeste,13,116353.0,11.172896272549913,27.956989247311828,15.513733333333333
2024,41027,Pato Branco,PR,Sul,22,196842.0,11.17647656496073,28.136200716845877,26.2456
2024,42010,Campos de Lages,SC,Sul,34,302898.0,11.22490079168565,28.315412186379927,40.3864
2024,31043,Divinópolis,MG,Sudeste,67,593428.0,11.290333452415457,28.49462365591398,79.12373333333333
2024,50008,Nova Andradina,MS,Centro-Oeste,11,97032.0,11.33646632038915,28.67383512544803,12.9376
2024,43014,Guaporé,RS,Sul,16,139701.0,11.453031832270348,28.85304659498208,18.6268
2024,35029,Pirassununga,SP,Sudeste,22,191828.0,11.46860729403424,29.032258064516128,25.577066666666667
2024,42020,Araranguá,SC,Sul,27,234389.0,11.519311913101724,29.211469534050178,31.25186666666667
2024,43019,Restinga Seca,RS,Sul,7,60488.0,11.572543314376405,29.39068100358423,8.065066666666667
2024,42013,Itajaí,SC,Sul,107,924351.0,11.575689321480693,29.56989247311828,123.2468
2024,12001,Cruzeiro do Sul,AC,Norte,19,163474.0,11.622643356130027,29.74910394265233,21.796533333333333
2024,31003,Januária,MG,Sudeste,33,282351.0,11.68758035211492,29.92831541218638,37.6468
2024,31045,Campo Belo,MG,Sudeste,14,116857.0,11.980454743832205,30.107526881720432,15.580933333333334
2024,29027,Brumado,BA,Nordeste,29,241206.0,12.022918169531438,30.28673835125448,32.1608
2024,41003,Cianorte,PR,Sul,19,157993.0,12.025849246485604,30.46594982078853,21.065733333333334
2024,31058,São João Del Rei,MG,Sudeste,24,199084.0,12.055212874967351,30.64516129032258,26.544533333333334
2024,35063,Santos,SP,Sudeste,195,1610479.0,12.10819886505816,30.82437275985663,214.73053333333334
2024,22015,Alto Médio Canindé,PI,Nordeste,33,270167.0,12.214667224346423,31.003584229390682,36.02226666666667
2024,43004,Erechim,RS,Sul,27,219837.0,12.281826989997134,31.182795698924732,29.3116
2024,33006,Cantagalo-Cordeiro,RJ,Sudeste,8,64781.0,12.349299949059137,31.36200716845878,8.637466666666667
2024,41034,São Mateus do Sul,PR,Sul,8,64407.0,12.421010138649526,31.54121863799283,8.5876
2024,43028,Camaquã,RS,Sul,16,128325.0,12.468342100136372,31.72043010752688,17.11
2024,15003,Almeirim,PA,Norte,10,80007.0,12.498906345694751,31.899641577060933,10.6676
2024,41008,Floraí,PR,Sul,5,39854.0,12.545792141315802,32.07885304659498,5.313866666666667
2024,50002,Aquidauana,MS,Centro-Oeste,14,111259.0,12.583251691997951,32.25806451612903,14.834533333333333
2024,31035,Guanhães,MG,Sudeste,16,127089.0,12.58960256198412,32.437275985663085,16.9452
2024,13012,Purus,AM,Norte,11,87313.0,12.5983530516647,32.61648745519713,11.641733333333333
2024,22013,Picos,PI,Nordeste,27,213804.0,12.628388617612393,32.795698924731184,28.5072
2024,28013,Estância,SE,Nordeste,17,133755.0,12.709805240925572,32.97491039426523,17.834
2024,41004,Goioerê,PR,Sul,15,117108.0,12.808689414899067,33.15412186379928,15.6144
2024,33012,Barra do Piraí,RJ,Sudeste,23,179227.0,12.832887901934418,33.333333333333336,23.896933333333333
2024,23014,Chorozinho,CE,Nordeste,9,69332.0,12.981018865747417,33.51254480286738,9.244266666666666
2024,43029,Campanha Ocidental,RS,Sul,46,353774.0,13.002651410222345,33.691756272401435,47.169866666666664
2024,31030,Belo Horizonte,MG,Sudeste,687,5232475.0,13.129541947166494,33.87096774193548,697.6633333333333
2024,31066,Cataguases,MG,Sudeste,28,213237.0,13.130929435323138,34.05017921146953,28.4316
2024,43012,Não-Me-Toque,RS,Sul,6,45638.0,13.146938954380122,34.229390681003586,6.085066666666667
2024,31014,Almenara,MG,Sudeste,24,181088.0,13.253224951404842,34.40860215053763,24.145066666666665
2024,25013,Curimataú Oriental,PB,Nordeste,12,90158.0,13.309966946915415,34.587813620071685,12.021066666666666
2024,43030,Campanha Central,RS,Sul,25,187756.0,13.31515371013443,34.76702508960574,25.034133333333333
2024,52017,Catalão,GO,Centro-Oeste,25,187484.0,13.334471208209767,34.946236559139784,24.997866666666667
2024,43020,Santa Cruz do Sul,RS,Sul,46,342213.0,13.441920675135076,35.12544802867384,45.6284
2024,41018,Wenceslau Braz,PR,Sul,15,111588.0,13.442305624260673,35.30465949820788,14.8784
2024,24005,Serra de São Miguel,RN,Nordeste,9,65808.0,13.676148796498905,35.483870967741936,8.7744
2024,15001,Óbidos,PA,Norte,29,210475.0,13.778358474878251,35.66308243727599,28.063333333333333
2024,31020,Patos de Minas,MG,Sudeste,42,302765.0,13.872145063002659,35.842293906810035,40.36866666666667
2024,41016,Jacarezinho,PR,Sul,18,129366.0,13.914011409489357,36.02150537634409,17.2488
2024,43002,Três Passos,RS,Sul,20,143717.0,13.916238162499914,36.200716845878134,19.162266666666667
2024,31009,Bocaiúva,MG,Sudeste,10,71366.0,14.01227475268335,36.37992831541219,9.515466666666667
2024,29002,Cotegipe,BA,Nordeste,17,120655.0,14.089760059674278,36.55913978494624,16.087333333333333
2024,41026,Francisco Beltrão,PR,Sul,41,289163.0,14.178854141089973,36.738351254480285,38.55506666666667
2024,43032,Serras de Sudeste,RS,Sul,16,112615.0,14.207698796785508,36.91756272401434,15.015333333333333
2024,28005,Tobias Barreto,SE,Nordeste,17,119112.0,14.272281550137686,37.096774193548384,15.8816
2024,17004,Rio Formoso,TO,Norte,19,133111.0,14.273801564108151,37.27598566308244,17.74813333333333
2024,43001,Santa Rosa,RS,Sul,24,167789.0,14.30367902544267,37.45519713261649,22.371866666666666
2024,43021,Lajeado-Estrela,RS,Sul,50,348208.0,14.359233561549418,37.634408602150536,46.427733333333336
2024,25006,Itaporanga,PB,Nordeste,12,83478.0,14.37504492201538,37.81362007168459,11.1304
2024,41020,Jaguariaíva,PR,Sul,15,103885.0,14.439043172739087,37.992831541218635,13.851333333333333
2024,31055,Andrelândia,MG,Sudeste,11,76029.0,14.46816346394139,38.17204301075269,10.1372
2024,28006,Agreste de Lagarto,SE,Nordeste,18,124137.0,14.500108750815631,38.35125448028674,16.5516
2024,15004,Portel,PA,Norte,24,165299.0,14.519144096455515,38.53046594982079,22.039866666666665
2024,32011,Alegre,ES,Sudeste,26,175327.0,14.829433002332784,38.70967741935484,23.376933333333334
2024,32012,Cachoeiro de Itapemirim,ES,Sudeste,52,350167.0,14.850057258393852,38.888888888888886,46.68893333333333
2024,23003,Coreaú,CE,Nordeste,9,60559.0,14.861539985798974,39.06810035842294,8.074533333333333
2024,22009,Floriano,PI,Nordeste,19,125547.0,15.133774602340159,39.24731182795699,16.7396
2024,24010,Serra de Santana,RN,Nordeste,10,65717.0,15.216762785884931,39.42652329749104,8.762266666666667
2024,25003,Sousa,PB,Nordeste,29,189703.0,15.287053973843323,39.60573476702509,25.293733333333332
2024,43006,Cerro Largo,RS,Sul,10,64947.0,15.397170000153972,39.784946236559136,8.6596
2024,33002,Santo Antônio de Pádua,RJ,Sudeste,20,129545.0,15.438650661932147,39.96415770609319,17.272666666666666
2024,22001,Baixo Parnaíba Piauiense,PI,Nordeste,55,354805.0,15.50147263990079,40.14336917562724,47.30733333333333
2024,35026,Rio Claro,SP,Sudeste,42,270481.0,15.527892901904385,40.32258064516129,36.06413333333333
2024,43009,Carazinho,RS,Sul,26,167049.0,15.564295506108985,40.50179211469534,22.2732
2024,17001,Bico do Papagaio,TO,Norte,33,209339.0,15.76390448029273,40.681003584229394,27.91186666666667
2024,43026,Porto Alegre,RS,Sul,589,3727767.0,15.800343744660006,40.86021505376344,497.0356
2024,41006,Astorga,PR,Sul,33,208218.0,15.848773881220644,41.03942652329749,27.7624
2024,28001,Sergipana do Sertão do São Francisco,SE,Nordeste,28,176255.0,15.886074153924712,41.21863799283154,23.500666666666667
2024,31004,Janaúba,MG,Sudeste,41,257088.0,15.947846651730147,41.39784946236559,34.2784
2024,41036,Lapa,PR,Sul,8,49956.0,16.014092401313157,41.577060931899645,6.6608
2024,43016,Caxias do Sul,RS,Sul,139,865528.0,16.059561331349187,41.75627240143369,115.40373333333334
2024,35054,Caraguatatuba,SP,Sudeste,58,358030.0,16.199759796665084,41.935483870967744,47.73733333333333
2024,14002,Nordeste de Roraima,RR,Norte,11,67089.0,16.396130513198884,42.11469534050179,8.9452
2024,21021,Chapadas das Mangabeiras,MA,Nordeste,12,73106.0,16.4145213799141,42.29390681003584,9.747466666666666
2024,23031,Barro,CE,Nordeste,15,91342.0,16.421799391298634,42.473118279569896,12.178933333333333
2024,41037,Curitiba,PR,Sul,580,3522146.0,16.46723332877172,42.65232974910394,469.61946666666665
2024,29003,Santa Maria da Vitória,BA,Nordeste,31,187971.0,16.491905666299587,42.831541218637994,25.0628
2024,31060,Ponte Nova,MG,Sudeste,31,187871.0,16.500683979964975,43.01075268817204,25.049466666666667
2024,41028,Pitanga,PR,Sul,12,72521.0,16.546931233711614,43.18996415770609,9.669466666666667
2024,50009,Bodoquena,MS,Centro-Oeste,18,108746.0,16.552332959373217,43.369175627240146,14.499466666666667
2024,31024,Três Marias,MG,Sudeste,17,102530.0,16.580513020579343,43.54838709677419,13.670666666666667
2024,50010,Dourados,MS,Centro-Oeste,106,636020.0,16.666142574132888,43.727598566308245,84.80266666666667
2024,14004,Sudeste de Roraima,RR,Norte,11,65959.0,16.67702663775982,43.90681003584229,8.794533333333334
2024,41010,Apucarana,PR,Sul,55,329772.0,16.678189779605304,44.086021505376344,43.9696
2024,33004,Macaé,RJ,Sudeste,54,323358.0,16.6997569257603,44.2652329749104,43.1144
2024,25019,Umbuzeiro,PB,Nordeste,9,53890.0,16.700686583781778,44.44444444444444,7.185333333333333
2024,22004,Campo Maior,PI,Nordeste,38,226956.0,16.74333350957895,44.623655913978496,30.2608
2024,25002,Cajazeiras,PB,Nordeste,30,179110.0,16.749483557590306,44.80286738351254,23.881333333333334
2024,33016,Macacu-Caceribu,RJ,Sudeste,20,118950.0,16.813787305590584,44.982078853046595,15.86
2024,32008,Santa Teresa,ES,Sudeste,20,118925.0,16.817321841496742,45.16129032258065,15.856666666666667
2024,50007,Três Lagoas,MS,Centro-Oeste,34,202092.0,16.824020743027926,45.340501792114694,26.9456
2024,31040,Caratinga,MG,Sudeste,45,266075.0,16.91252466409847,45.51971326164875,35.47666666666667
2024,43011,Cruz Alta,RS,Sul,25,147375.0,16.963528413910094,45.69892473118279,19.65
2024,24011,Seridó Ocidental,RN,Nordeste,17,99796.0,17.03475089181931,45.878136200716845,13.306133333333333
2024,25016,Guarabira,PB,Nordeste,29,170193.0,17.039478709465136,46.0573476702509,22.6924
2024,51019,Primavera do Leste,MT,Centro-Oeste,24,140758.0,17.05054064422626,46.236559139784944,18.767733333333332
2024,31025,Curvelo,MG,Sudeste,27,158284.0,17.057946475954612,46.415770609319,21.104533333333332
2024,52005,Chapada dos Veadeiros,GO,Centro-Oeste,12,70176.0,17.09986320109439,46.59498207885304,9.3568
2024,32007,Afonso Cláudio,ES,Sudeste,26,151991.0,17.106276029501746,46.774193548387096,20.265466666666665
2024,41012,Faxinal,PR,Sul,8,46673.0,17.140530927945495,46.95340501792115,6.223066666666667
2024,52010,Goiânia,GO,Centro-Oeste,457,2654677.0,17.214900343808306,47.132616487455195,353.9569333333333
2024,21018,Chapadas do Alto Itapecuru,MA,Nordeste,37,214812.0,17.22436362959239,47.31182795698925,28.6416
2024,15005,Furos de Breves,PA,Norte,43,249192.0,17.2557706507432,47.4910394265233,33.2256
2024,25008,Seridó Ocidental Paraibano,PB,Nordeste,7,40500.0,17.28395061728395,47.67025089605735,5.4
2024,15009,Salgado,PA,Norte,48,277672.0,17.286582730703852,47.8494623655914,37.022933333333334
2024,43007,Santo Ângelo,RS,Sul,34,196292.0,17.32113382104212,48.028673835125446,26.172266666666665
2024,41033,União da Vitória,PR,Sul,20,114553.0,17.459167372308016,48.2078853046595,15.273733333333332
2024,52015,Meia Ponte,GO,Centro-Oeste,78,444934.0,17.530689945025554,48.38709677419355,59.324533333333335
2024,23033,Brejo Santo,CE,Nordeste,19,108328.0,17.53932501292371,48.5663082437276,14.443733333333334
2024,31027,Sete Lagoas,MG,Sudeste,77,438591.0,17.556219803871944,48.74551971326165,58.4788
2024,11006,Cacoal,RO,Norte,45,254075.0,17.7113057168159,48.924731182795696,33.876666666666665
2024,41002,Umuarama,PR,Sul,53,298416.0,17.760441799367324,49.10394265232975,39.7888
2024,31038,Mantena,MG,Sudeste,11,61688.0,17.83166904422254,49.2831541218638,8.225066666666667
2024,26001,Araripina,PE,Nordeste,60,335464.0,17.885674766890038,49.46236559139785,44.72853333333333
2024,41001,Paranavaí,PR,Sul,52,288715.0,18.010841140917513,49.6415770609319,38.495333333333335
2024,33009,Bacia de São João,RJ,Sudeste,43,238688.0,18.01514948384502,49.82078853046595,31.825066666666668
2024,41011,Londrina,PR,Sul,150,830082.0,18.070503877930133,50.0,110.6776
2024,50004,Campo Grande,MS,Centro-Oeste,191,1052984.0,18.1389270872112,50.17921146953405,140.39786666666666
2024,25009,Seridó Oriental Paraibano,PB,Nordeste,14,77073.0,18.164597200057088,50.3584229390681,10.2764
2024,43027,Osório,RS,Sul,79,434330.0,18.188934681002923,50.53763440860215,57.910666666666664
2024,26003,Pajeú,PE,Nordeste,63,344414.0,18.291939352058858,50.7168458781362,45.921866666666666
2024,21002,Aglomeração Urbana de São Luís,MA,Nordeste,280,1529831.0,18.302675262823147,50.89605734767025,203.97746666666666
2024,28008,Cotinguiba,SE,Nordeste,9,49171.0,18.30347155843892,51.075268817204304,6.556133333333333
2024,51017,Cuiabá,MT,Centro-Oeste,192,1045386.0,18.366421589728578,51.25448028673835,139.3848
2024,23007,Santa Quitéria,CE,Nordeste,13,70689.0,18.390414350181782,51.4336917562724,9.4252
2024,21013,Baixo Parnaíba Maranhense,MA,Nordeste,24,129878.0,18.4788801798611,51.61290322580645,17.317066666666665
2024,31029,Pará de Minas,MG,Sudeste,27,145857.0,18.511281597729283,51.7921146953405,19.4476
2024,24018,Natal,RN,Nordeste,208,1121659.0,18.543960330189478,51.971326164874554,149.55453333333332
2024,52006,Ceres,GO,Centro-Oeste,48,258632.0,18.55918834482972,52.1505376344086,34.48426666666667
2024,12005,Brasiléia,AC,Norte,14,75243.0,18.606381989022236,52.32974910394265,10.0324
2024,32010,Guarapari,ES,Sudeste,43,229855.0,18.707445998564314,52.5089605734767,30.647333333333332
2024,29014,Euclides da Cunha,BA,Nordeste,60,320307.0,18.73202895971677,52.68817204301075,42.7076
2024,23017,Pacajus,CE,Nordeste,29,154759.0,18.7388132515718,52.867383512544805,20.634533333333334
2024,29006,Barra,BA,Nordeste,34,180100.0,18.878400888395337,53.04659498207885,24.013333333333332
2024,17006,Porto Nacional,TO,Norte,84,442757.0,18.972032062734186,53.225806451612904,59.03426666666667
2024,52013,Sudoeste de Goiás,GO,Centro-Oeste,107,560421.0,19.09278917099823,53.40501792114696,74.7228
2024,52016,Pires do Rio,GO,Centro-Oeste,21,109548.0,19.16967904480228,53.584229390681,14.6064
2024,33018,Rio de Janeiro,RJ,Sudeste,2363,12270323.0,19.25784675757924,53.763440860215056,1636.0430666666666
2024,51021,Rondonópolis,MT,Centro-Oeste,67,346530.0,19.33454534960898,53.9426523297491,46.204
2024,43035,Litoral Lagunar,RS,Sul,51,263569.0,19.349771786515106,54.121863799283155,35.14253333333333
2024,17002,Araguaína,TO,Norte,60,308359.0,19.45783972577418,54.30107526881721,41.114533333333334
2024,43003,Frederico Westphalen,RS,Sul,36,183477.0,19.62098791674161,54.48028673835125,24.4636
2024,25018,Itabaiana,PB,Nordeste,22,111764.0,19.684334848430623,54.659498207885306,14.901866666666667
2024,43031,Campanha Meridional,RS,Sul,35,177643.0,19.70243690998238,54.83870967741935,23.685733333333335
2024,24015,Agreste Potiguar,RN,Nordeste,48,243226.0,19.734732306579065,55.017921146953405,32.43013333333333
2024,14001,Boa Vista,RR,Norte,105,530905.0,19.777549655776458,55.19713261648746,70.78733333333334
2024,13002,Japurá,AM,Norte,5,25240.0,19.80982567353407,55.376344086021504,3.3653333333333335
2024,41005,Campo Mourão,PR,Sul,46,231688.0,19.854286799488968,55.55555555555556,30.891733333333335
2024,31006,Pirapora,MG,Sudeste,32,160601.0,19.92515613227813,55.7347670250896,21.413466666666668
2024,33014,Vassouras,RJ,Sudeste,34,169725.0,20.032405361614376,55.913978494623656,22.63
2024,50001,Baixo Pantanal,MS,Centro-Oeste,27,134261.0,20.110084089944213,56.09318996415771,17.901466666666668
2024,41022,Toledo,PR,Sul,92,456636.0,20.147338361408213,56.272401433691755,60.8848
2024,28007,Propriá,SE,Nordeste,18,89192.0,20.181182168804376,56.45161290322581,11.892266666666666
2024,51008,Paranatinga,MT,Centro-Oeste,9,44549.0,20.202473680666234,56.630824372759854,5.939866666666667
2024,41009,Maringá,PR,Sul,138,682123.0,20.230955414199492,56.81003584229391,90.94973333333333
2024,13010,Parintins,AM,Norte,57,279733.0,20.37657337532576,56.98924731182796,37.29773333333333
2024,41029,Guarapuava,PR,Sul,82,398554.0,20.574376370579646,57.168458781362006,53.14053333333333
2024,11004,Ji-Paraná,RO,Norte,64,310174.0,20.633579861626053,57.34767025089606,41.35653333333333
2024,43013,Soledade,RS,Sul,14,67809.0,20.646226902033654,57.526881720430104,9.0412
2024,27003,Santana do Ipanema,AL,Nordeste,36,173698.0,20.725627238079884,57.70609318996416,23.15973333333333
2024,52004,Porangatu,GO,Centro-Oeste,48,230726.0,20.80389726342068,57.88530465949821,30.763466666666666
2024,35017,Araçatuba,SP,Sudeste,60,288230.0,20.816708878326338,58.064516129032256,38.43066666666667
2024,21007,Gurupi,MA,Nordeste,51,243918.0,20.908666027107472,58.24372759856631,32.5224
2024,24004,Vale do Açu,RN,Nordeste,31,147921.0,20.957132523441565,58.422939068100355,19.7228
2024,15010,Bragantina,PA,Norte,90,427828.0,21.036491300242155,58.60215053763441,57.043733333333336
2024,29009,Irecê,BA,Nordeste,85,402592.0,21.11318655114856,58.78136200716846,53.67893333333333
2024,43018,Santa Maria,RS,Sul,80,377820.0,21.17410407072151,58.96057347670251,50.376
2024,17003,Miracema do Tocantins,TO,Norte,31,146231.0,21.19933529826097,59.13978494623656,19.497466666666668
2024,22010,Alto Médio Gurguéia,PI,Nordeste,21,98985.0,21.215335656917716,59.318996415770606,13.198
2024,41023,Cascavel,PR,Sul,111,520587.0,21.32208449308185,59.49820788530466,69.4116
2024,51009,Norte Araguaia,MT,Centro-Oeste,29,135995.0,21.324313393874775,59.67741935483871,18.132666666666665
2024,31012,Araçuaí,MG,Sudeste,31,145103.0,21.36413444243055,59.85663082437276,19.347066666666667
2024,33017,Itaguaí,RJ,Sudeste,54,252341.0,21.399614014369444,60.03584229390681,33.645466666666664
2024,23018,Sertão de Cratéus,CE,Nordeste,54,252319.0,21.401479872700826,60.215053763440864,33.64253333333333
2024,31039,Ipatinga,MG,Sudeste,118,549620.0,21.469378843564645,60.39426523297491,73.28266666666667
2024,28003,Nossa Senhora das Dores,SE,Nordeste,14,65165.0,21.48392542008747,60.57347670250896,8.688666666666666
2024,26007,Vale do Ipanema,PE,Nordeste,43,200052.0,21.494411453022213,60.75268817204301,26.6736
2024,33013,Baía da Ilha Grande,RJ,Sudeste,49,226734.0,21.611227253080703,60.93189964157706,30.2312
2024,52012,Entorno de Brasília,GO,Centro-Oeste,308,1423379.0,21.638650001159213,61.111111111111114,189.78386666666665
2024,43015,Vacaria,RS,Sul,36,165391.0,21.766601568404568,61.29032258064516,22.052133333333334
2024,51010,Canarana,MT,Centro-Oeste,32,145829.0,21.943509178558447,61.46953405017921,19.44386666666667
2024,51004,Parecis,MT,Centro-Oeste,29,132080.0,21.956390066626287,61.64874551971326,17.610666666666667
2024,26010,Médio Capibaribe,PE,Nordeste,56,252151.0,22.208914499645054,61.82795698924731,33.620133333333335
2024,17005,Gurupi,TO,Norte,33,148412.0,22.23539875481767,62.007168458781365,19.788266666666665
2024,43010,Passo Fundo,RS,Sul,83,372720.0,22.26872719467697,62.18637992831541,49.696
2024,12004,Rio Branco,AC,Norte,108,484131.0,22.30801167452611,62.365591397849464,64.5508
2024,50003,Alto Taquari,MS,Centro-Oeste,29,129550.0,22.385179467387108,62.54480286738351,17.273333333333333
2024,26006,Itaparica,PE,Nordeste,32,142769.0,22.413829332698274,62.72401433691756,19.035866666666667
2024,52011,Vão do Paranã,GO,Centro-Oeste,25,111479.0,22.425748347222346,62.903225806451616,14.863866666666667
2024,23030,Caririaçu,CE,Nordeste,13,57969.0,22.42577929583053,63.08243727598566,7.7292
2024,41015,Cornélio Procópio,PR,Sul,38,168902.0,22.498253425063055,63.261648745519715,22.520266666666668
2024,29023,Seabra,BA,Nordeste,63,278550.0,22.617124394184167,63.44086021505376,37.14
2024,27001,Serrana do Sertão Alagoano,AL,Nordeste,19,83660.0,22.71097298589529,63.62007168458781,11.154666666666667
2024,11005,Alvorada D'Oeste,RO,Norte,15,65562.0,22.87910679967054,63.799283154121866,8.7416
2024,15011,Cametá,PA,Norte,123,536716.0,22.917147988880526,63.97849462365591,71.56213333333334
2024,52018,Quirinópolis,GO,Centro-Oeste,27,116697.0,23.13684156405049,64.15770609318996,15.5596
2024,32013,Itapemirim,ES,Sudeste,24,103427.0,23.20477244820018,64.33691756272401,13.790266666666666
2024,25010,Cariri Ocidental,PB,Nordeste,30,129240.0,23.212627669452182,64.51612903225806,17.232
2024,31015,Teófilo Otoni,MG,Sudeste,62,265576.0,23.3454830255746,64.69534050179212,35.410133333333334
2024,31002,Paracatu,MG,Sudeste,56,239301.0,23.401490173463547,64.87455197132617,31.9068
2024,13003,Alto Solimões,AM,Norte,66,281494.0,23.446325676568595,65.05376344086021,37.53253333333333
2024,31041,Aimorés,MG,Sudeste,36,153184.0,23.501148945059537,65.23297491039426,20.424533333333333
2024,31013,Pedra Azul,MG,Sudeste,19,80805.0,23.51339644823959,65.41218637992831,10.774
2024,31062,Viçosa,MG,Sudeste,54,228773.0,23.60418406018193,65.59139784946237,30.503066666666665
2024,15008,Castanhal,PA,Norte,83,350920.0,23.652114442038073,65.77060931899642,46.78933333333333
2024,31016,Nanuque,MG,Sudeste,26,109810.0,23.677260723067114,65.94982078853046,14.641333333333334
2024,29007,Bom Jesus da Lapa,BA,Nordeste,44,185629.0,23.703192927829164,66.12903225806451,24.750533333333333
2024,32003,Colatina,ES,Sudeste,53,221822.0,23.89303134946038,66.30824372759857,29.576266666666665
2024,17007,Jalapão,TO,Norte,18,73657.0,24.437595883622738,66.48745519713262,9.820933333333333
2024,52002,Rio Vermelho,GO,Centro-Oeste,22,89977.0,24.450692954866245,66.66666666666667,11.996933333333333
2024,24014,Borborema Potiguar,RN,Nordeste,33,134951.0,24.45332009396003,66.84587813620071,17.993466666666666
2024,33011,Vale do Paraíba Fluminense,RJ,Sudeste,181,739203.0,24.485831361615144,67.02508960573476,98.5604
2024,23027,Várzea Alegre,CE,Nordeste,24,97805.0,24.538622769797044,67.20430107526882,13.040666666666667
2024,33003,Campos dos Goytacazes,RJ,Sudeste,162,659687.0,24.557100564358553,67.38351254480287,87.95826666666666
2024,23006,Ipu,CE,Nordeste,35,142347.0,24.587803044672526,67.56272401433692,18.9796
2024,50005,Cassilândia,MS,Centro-Oeste,22,89280.0,24.6415770609319,67.74193548387096,11.904
2024,33005,Três Rios,RJ,Sudeste,41,166336.0,24.648903424393996,67.92114695340501,22.178133333333335
2024,28011,Aracaju,SE,Nordeste,241,976043.0,24.69153510654756,68.10035842293907,130.13906666666668
2024,41035,Cerro Azul,PR,Sul,7,28340.0,24.700070571630203,68.27956989247312,3.7786666666666666
2024,25007,Serra do Teixeira,PB,Nordeste,29,117281.0,24.72693786717371,68.45878136200717,15.637466666666667
2024,52014,Vale do Rio dos Bois,GO,Centro-Oeste,33,133403.0,24.73707487837605,68.63799283154121,17.787066666666668
2024,25004,Patos,PB,Nordeste,33,133079.0,24.797300851373997,68.81720430107526,17.743866666666666
2024,24008,Macau,RN,Nordeste,14,56391.0,24.826656736003972,68.99641577060932,7.5188
2024,31064,Ubá,MG,Sudeste,71,285906.0,24.833336830986408,69.17562724014337,38.1208
2024,41024,Foz do Iguaçu,PR,Sul,119,479089.0,24.838808655594264,69.35483870967742,63.87853333333333
2024,27008,Serrana dos Quilombos,AL,Nordeste,35,140846.0,24.849835991082458,69.53405017921148,18.779466666666668
2024,52001,São Miguel do Araguaia,GO,Centro-Oeste,20,80483.0,24.849968316290397,69.71326164874552,10.731066666666667
2024,41021,Ponta Grossa,PR,Sul,126,506818.0,24.86099546582797,69.89247311827957,67.57573333333333
2024,29016,Serrinha,BA,Nordeste,111,443438.0,25.03168424898182,70.07168458781362,59.12506666666667
2024,50011,Iguatemi,MS,Centro-Oeste,63,251377.0,25.061958731307957,70.25089605734767,33.516933333333334
2024,21011,Alto Mearim e Grajaú,MA,Nordeste,83,328332.0,25.27929047427604,70.43010752688173,43.7776
2024,13009,Itacoatiara,AM,Norte,48,189588.0,25.31805810494335,70.60931899641577,25.2784
2024,11003,Ariquemes,RO,Norte,48,188703.0,25.436797507193845,70.78853046594982,25.1604
2024,28012,Boquim,SE,Nordeste,41,160045.0,25.617794995157613,70.96774193548387,21.339333333333332
2024,31061,Manhuaçu,MG,Sudeste,79,308027.0,25.64710236440312,71.14695340501792,41.07026666666667
2024,41019,Telêmaco Borba,PR,Sul,44,171558.0,25.6473029529372,71.32616487455198,22.8744
2024,27007,Traipu,AL,Nordeste,9,35065.0,25.66661913589049,71.50537634408602,4.675333333333334
2024,41014,Assaí,PR,Sul,17,66190.0,25.683638011784257,71.68458781362007,8.825333333333333
2024,51020,Tesouro,MT,Centro-Oeste,16,61654.0,25.95127647841178,71.86379928315412,8.220533333333334
2024,23020,Sertão de Inhamuns,CE,Nordeste,37,142523.0,25.96072212905987,72.04301075268818,19.003066666666665
2024,21001,Litoral Ocidental Maranhense,MA,Nordeste,47,180671.0,26.01413619230535,72.22222222222223,24.089466666666667
2024,24017,Macaíba,RN,Nordeste,98,376291.0,26.043673646194037,72.40143369175627,50.172133333333335
2024,26002,Salgueiro,PE,Nordeste,46,175092.0,26.271902771114615,72.58064516129032,23.3456
2024,51007,Sinop,MT,Centro-Oeste,74,279998.0,26.428760205430038,72.75985663082437,37.33306666666667
2024,29029,Itapetinga,BA,Nordeste,53,200122.0,26.48384485463867,72.93906810035843,26.682933333333335
2024,29028,Vitória da Conquista,BA,Nordeste,189,707359.0,26.71910585713902,73.11827956989248,94.31453333333333
2024,17008,Dianópolis,TO,Norte,31,115476.0,26.845405105822856,73.29749103942652,15.3968
2024,13005,Tefé,AM,Norte,30,111226.0,26.972110837394133,73.47670250896057,14.830133333333333
2024,32009,Vitória,ES,Sudeste,507,1871900.0,27.08478016988087,73.65591397849462,249.58666666666667
2024,22002,Litoral Piauiense,PI,Nordeste,93,342612.0,27.14440825190011,73.83512544802868,45.6816
2024,24003,Médio Oeste,RN,Nordeste,11,40429.0,27.208192139305943,74.01433691756273,5.390533333333333
2024,32006,Linhares,ES,Sudeste,103,378480.0,27.2141196364405,74.19354838709677,50.464
2024,35051,Guaratinguetá,SP,Sudeste,114,417253.0,27.321553110462958,74.37275985663082,55.63373333333333
2024,15019,Parauapebas,PA,Norte,125,453727.0,27.549605820239925,74.55197132616487,60.49693333333333
2024,28009,Japaratuba,SE,Nordeste,15,54248.0,27.65078896917859,74.73118279569893,7.233066666666667
2024,21019,Porto Franco,MA,Nordeste,31,112099.0,27.6541271554608,74.91039426523298,14.946533333333333
2024,51011,Médio Araguaia,MT,Centro-Oeste,23,83072.0,27.68682588597843,75.08960573476702,11.076266666666667
2024,41030,Palmas,PR,Sul,26,92018.0,28.25534134625834,75.26881720430107,12.269066666666667
2024,13013,Madeira,AM,Norte,57,201671.0,28.26385548740275,75.44802867383513,26.889466666666667
2024,24016,Litoral Nordeste,RN,Nordeste,26,91572.0,28.39295854628052,75.62724014336918,12.2096
2024,23029,Chapada do Araripe,CE,Nordeste,27,94663.0,28.522231494881844,75.80645161290323,12.621733333333333
2024,15007,Belém,PA,Norte,644,2253177.0,28.58186462936556,75.98566308243727,300.4236
2024,26004,Sertão do Moxotó,PE,Nordeste,72,250677.0,28.722220227623595,76.16487455197132,33.4236
2024,12002,Tarauacá,AC,Norte,27,93948.0,28.739302592923746,76.34408602150538,12.5264
2024,51016,Rosário Oeste,MT,Centro-Oeste,8,27673.0,28.90904491742854,76.52329749103943,3.6897333333333333
2024,29015,Ribeira do Pombal,BA,Nordeste,91,314574.0,28.928010579386726,76.70250896057348,41.9432
2024,28004,Agreste de Itabaiana,SE,Nordeste,54,186204.0,29.000451118128503,76.88172043010752,24.8272
2024,32002,Nova Venécia,ES,Sudeste,39,134058.0,29.091885601754466,77.06093189964157,17.8744
2024,27005,Palmeira dos Índios,AL,Nordeste,51,175299.0,29.09314941899269,77.24014336917563,23.3732
2024,22003,Teresina,PI,Nordeste,328,1120184.0,29.28090385151011,77.41935483870968,149.35786666666667
2024,23015,Cascavel,CE,Nordeste,46,156638.0,29.367075677677192,77.59856630824373,20.885066666666667
2024,24009,Angicos,RN,Nordeste,15,50955.0,29.43773918163085,77.77777777777777,6.794
2024,11008,Colorado do Oeste,RO,Norte,15,49565.0,30.26329062846767,77.95698924731182,6.608666666666666
2024,29001,Barreiras,BA,Nordeste,118,389526.0,30.29322817989043,78.13620071684588,51.9368
2024,33010,Lagos,RJ,Sudeste,208,686509.0,30.298218959984503,78.31541218637993,91.53453333333333
2024,23032,Cariri,CE,Nordeste,194,640020.0,30.311552763976124,78.49462365591398,85.336
2024,21010,Médio Mearim,MA,Nordeste,125,412113.0,30.331486752419845,78.67383512544802,54.9484
2024,23025,Serra do Pereiro,CE,Nordeste,13,42802.0,30.372412504088594,78.85304659498208,5.706933333333334
2024,15013,Guamá,PA,Norte,134,440683.0,30.407344962251777,79.03225806451613,58.757733333333334
2024,51002,Alta Floresta,MT,Centro-Oeste,35,114907.0,30.4594150051781,79.21146953405018,15.320933333333333
2024,16002,Amapá,AP,Norte,8,26261.0,30.46342485053882,79.39068100358423,3.5014666666666665
2024,24019,Litoral Sul,RN,Nordeste,44,144002.0,30.555131178733628,79.56989247311827,19.200266666666668
2024,29013,Jeremoabo,BA,Nordeste,31,101162.0,30.643917676597933,79.74910394265233,13.488266666666666
2024,27002,Alagoana do Sertão do São Francisco,AL,Nordeste,26,84384.0,30.81152825180129,79.92831541218638,11.2512
2024,41007,Porecatu,PR,Sul,25,80664.0,30.992760091242687,80.10752688172043,10.7552
2024,28002,Carira,SE,Nordeste,22,70644.0,31.142064435762414,80.28673835125448,9.4192
2024,22012,Chapadas do Extremo Sul Piauiense,PI,Nordeste,27,86102.0,31.35815660495691,80.46594982078852,11.480266666666667
2024,27006,Arapiraca,AL,Nordeste,140,445782.0,31.405485192313733,80.64516129032258,59.4376
2024,13007,Manaus,AM,Norte,808,2572079.0,31.41427615559242,80.82437275985663,342.9438666666667
2024,32004,Montanha,ES,Sudeste,18,56933.0,31.616110164579418,81.00358422939068,7.591066666666666
2024,29019,Catu,BA,Nordeste,68,213506.0,31.849222035914682,81.18279569892474,28.467466666666667
2024,29011,Itaberaba,BA,Nordeste,78,243496.0,32.03338042514046,81.36200716845879,32.46613333333333
2024,26009,Alto Capibaribe,PE,Nordeste,101,313754.0,32.19082465880913,81.54121863799283,41.833866666666665
2024,24006,Pau dos Ferros,RN,Nordeste,39,120733.0,32.30268443590402,81.72043010752688,16.097733333333334
2024,26008,Vale do Ipojuca,PE,Nordeste,322,985135.0,32.68587553990062,81.89964157706093,131.35133333333334
2024,29017,Alagoinhas,BA,Nordeste,106,322546.0,32.86352954307293,82.07885304659499,43.00613333333333
2024,23016,Fortaleza,CE,Nordeste,1207,3655441.0,33.01927181973392,82.25806451612904,487.39213333333333
2024,23013,Baturité,CE,Nordeste,64,192379.0,33.267664350059,82.43727598566308,25.650533333333332
2024,32005,São Mateus,ES,Sudeste,72,215592.0,33.39641545140822,82.61648745519713,28.7456
2024,27009,Mata Alagoana,AL,Nordeste,91,272086.0,33.44530773358424,82.79569892473118,36.27813333333334
2024,23002,Ibiapaba,CE,Nordeste,113,337595.0,33.472059716524235,82.97491039426524,45.01266666666667
2024,21006,Itapecuru Mirim,MA,Nordeste,74,217569.0,34.01219842900413,83.15412186379929,29.0092
2024,13011,Boca do Acre,AM,Norte,20,58478.0,34.20089606347686,83.33333333333333,7.797066666666667
2024,15012,Tomé-Açu,PA,Norte,113,329635.0,34.280340376477014,83.51254480286738,43.95133333333333
2024,23021,Sertão de Senador Pompeu,CE,Nordeste,73,212009.0,34.432500507053945,83.69175627240143,28.267866666666666
2024,21014,Chapadinha,MA,Nordeste,87,252588.0,34.44344149365766,83.87096774193549,33.6784
2024,24001,Mossoró,RN,Nordeste,125,360564.0,34.667909164531125,84.05017921146954,48.0752
2024,27012,São Miguel dos Campos,AL,Nordeste,88,253377.0,34.730855602521146,84.22939068100358,33.7836
2024,27013,Penedo,AL,Nordeste,43,122815.0,35.01200993364003,84.40860215053763,16.375333333333334
2024,26012,Brejo Pernambucano,PE,Nordeste,76,216708.0,35.070232755597395,84.58781362007169,28.8944
2024,26011,Garanhuns,PE,Nordeste,169,481239.0,35.11768580684441,84.76702508960574,64.1652
2024,33001,Itaperuna,RJ,Sudeste,74,210460.0,35.16107573885774,84.94623655913979,28.061333333333334
2024,21012,Presidente Dutra,MA,Nordeste,69,195960.0,35.2112676056338,85.12544802867383,26.128
2024,23026,Iguatu,CE,Nordeste,80,226742.0,35.282391440491836,85.30465949820788,30.232266666666668
2024,29008,Senhor do Bonfim,BA,Nordeste,107,301608.0,35.476512559348556,85.48387096774194,40.2144
2024,13008,Rio Preto da Eva,AM,Norte,21,58727.0,35.75867999386994,85.66308243727599,7.830266666666667
2024,15017,Paragominas,PA,Norte,116,323653.0,35.840854248222634,85.84229390681004,43.153733333333335
2024,52003,Aragarças,GO,Centro-Oeste,20,55601.0,35.97057606877574,86.02150537634408,7.413466666666666
2024,26016,Itamaracá,PE,Nordeste,71,197240.0,35.99675522206449,86.20071684587813,26.298666666666666
2024,21008,Pindaré,MA,Nordeste,212,586466.0,36.148728144513065,86.37992831541219,78.19546666666666
2024,15020,Marabá,PA,Norte,124,338468.0,36.63566422822837,86.55913978494624,45.12906666666667
2024,11001,Porto Velho,RO,Norte,232,632578.0,36.67531909108442,86.73835125448029,84.34373333333333
2024,25022,João Pessoa,PB,Nordeste,457,1244833.0,36.71175169681395,86.91756272401433,165.97773333333333
2024,13004,Juruá,AM,Norte,54,147018.0,36.730196302493574,87.09677419354838,19.6024
2024,28010,Baixo Cotinguiba,SE,Nordeste,32,87106.0,36.73684935595711,87.27598566308244,11.614133333333333
2024,15016,Tucuruí,PA,Norte,115,312338.0,36.81908701470842,87.45519713261649,41.645066666666665
2024,11007,Vilhena,RO,Norte,63,170984.0,36.84555280026201,87.63440860215054,22.797866666666668
2024,25020,Litoral Norte,PB,Nordeste,59,158867.0,37.137983344558656,87.81362007168458,21.182266666666667
2024,15014,Itaituba,PA,Norte,100,268410.0,37.25643604932752,87.99283154121864,35.788
2024,31037,Governador Valadares,MG,Sudeste,154,411896.0,37.38807854409851,88.17204301075269,54.919466666666665
2024,23019,Sertão de Quixeramobim,CE,Nordeste,107,285938.0,37.42069959221929,88.35125448028674,38.12506666666667
2024,26005,Petrolina,PE,Nordeste,215,573882.0,37.46414768192764,88.5304659498208,76.5176
2024,27004,Batalha,AL,Nordeste,34,90613.0,37.52220983744054,88.70967741935483,12.081733333333334
2024,23010,Uruburetama,CE,Nordeste,39,103626.0,37.63534248161658,88.88888888888889,13.8168
2024,29018,Entre Rios,BA,Nordeste,44,116651.0,37.7193508842616,89.06810035842294,15.553466666666667
2024,23001,Litoral de Camocim e Acaraú,CE,Nordeste,158,418523.0,37.751808144355266,89.24731182795699,55.803066666666666
2024,24007,Umarizal,RN,Nordeste,24,63332.0,37.89553464283458,89.42652329749104,8.444266666666667
2024,21003,Rosário,MA,Nordeste,66,173648.0,38.00792407629227,89.60573476702508,23.153066666666668
2024,51003,Colíder,MT,Centro-Oeste,58,151787.0,38.211441032499486,89.78494623655914,20.238266666666668
2024,15022,Conceição do Araguaia,PA,Norte,44,114426.0,38.452799188995506,89.96415770609319,15.2568
2024,25001,Catolé do Rocha,PB,Nordeste,47,122097.0,38.49398429117833,90.14336917562724,16.2796
2024,51005,Arinos,MT,Centro-Oeste,29,75241.0,38.54281575205008,90.3225806451613,10.032133333333332
2024,15018,São Félix do Xingu,PA,Norte,63,162531.0,38.76183620355501,90.50179211469533,21.6708
2024,23023,Baixo Jaguaribe,CE,Nordeste,129,330771.0,38.99979139646462,90.68100358422939,44.1028
2024,51015,Alto Paraguai,MT,Centro-Oeste,12,30537.0,39.296591020728954,90.86021505376344,4.0716
2024,23022,Litoral de Aracati,CE,Nordeste,50,126950.0,39.38558487593541,91.0394265232975,16.926666666666666
2024,29005,Paulo Afonso,BA,Nordeste,72,182625.0,39.42505133470226,91.21863799283155,24.35
2024,16004,Mazagão,AP,Norte,29,73466.0,39.47404241417799,91.39784946236558,9.795466666666666
2024,26015,Mata Meridional Pernambucana,PE,Nordeste,202,508174.0,39.75016431379803,91.57706093189964,67.75653333333334
2024,21015,Codó,MA,Nordeste,107,264107.0,40.51388263090338,91.75627240143369,35.21426666666667
2024,23012,Canindé,CE,Nordeste,51,125241.0,40.721488969267256,91.93548387096774,16.6988
2024,26014,Vitória de Santo Antão,PE,Nordeste,96,235701.0,40.729568393854926,92.1146953405018,31.4268
2024,51006,Alto Teles Pires,MT,Centro-Oeste,138,337518.0,40.88670826444812,92.29390681003584,45.0024
2024,41038,Paranaguá,PR,Sul,128,312589.0,40.94833791336227,92.47311827956989,41.678533333333334
2024,29010,Jacobina,BA,Nordeste,142,346551.0,40.97520999795124,92.65232974910394,46.2068
2024,21005,Baixada Maranhense,MA,Nordeste,245,592259.0,41.36703705642295,92.831541218638,78.96786666666667
2024,27011,Maceió,AL,Nordeste,525,1267533.0,41.419039977657384,93.01075268817205,169.0044
2024,26017,Recife,PE,Nordeste,1429,3434476.0,41.60751159711118,93.18996415770609,457.93013333333334
2024,51022,Alto Araguaia,MT,Centro-Oeste,18,42935.0,41.9238383603121,93.36917562724014,5.724666666666667
2024,15015,Altamira,PA,Norte,150,357556.0,41.95147053888062,93.54838709677419,47.67413333333333
2024,21017,Caxias,MA,Nordeste,192,451419.0,42.532547367301774,93.72759856630825,60.1892
2024,23009,Baixo Curu,CE,Nordeste,57,132842.0,42.90811640896705,93.9068100358423,17.712266666666668
2024,51018,Alto Pantanal,MT,Centro-Oeste,58,135066.0,42.94196911139739,94.08602150537635,18.0088
2024,16001,Oiapoque,AP,Norte,18,41872.0,42.98815437523882,94.26523297491039,5.582933333333333
2024,21020,Gerais de Balsas,MA,Nordeste,68,157517.0,43.169943561647315,94.44444444444444,21.002266666666667
2024,51014,Jauru,MT,Centro-Oeste,44,101597.0,43.30836540449029,94.6236559139785,13.546266666666666
2024,32001,Barra de São Francisco,ES,Sudeste,41,93652.0,43.77909708281724,94.80286738351255,12.486933333333333
2024,21009,Imperatriz,MA,Nordeste,271,615912.0,43.99979217810336,94.9820788530466,82.1216
2024,25021,Sapé,PB,Nordeste,63,143130.0,44.01592957451268,95.16129032258064,19.084
2024,29020,Santo Antônio de Jesus,BA,Nordeste,249,564958.0,44.07407276293105,95.3405017921147,75.32773333333333
2024,11002,Guajará-Mirim,RO,Norte,33,74586.0,44.244228139329095,95.51971326164875,9.9448
2024,51013,Tangará da Serra,MT,Centro-Oeste,75,168433.0,44.52809128852422,95.6989247311828,22.457733333333334
2024,15021,Redenção,PA,Norte,101,219850.0,45.94041391858085,95.87813620071685,29.313333333333333
2024,26013,Mata Setentrional Pernambucana,PE,Nordeste,261,566178.0,46.098576772675735,96.05734767025089,75.4904
2024,13001,Rio Negro,AM,Norte,49,105675.0,46.36858291932813,96.23655913978494,14.09
2024,16003,Macapá,AP,Norte,308,661238.0,46.579295200820276,96.415770609319,88.16506666666666
2024,51001,Aripuanã,MT,Centro-Oeste,70,148929.0,47.00226282322449,96.59498207885305,19.8572
2024,24002,Chapada do Apodi,RN,Nordeste,36,76248.0,47.214353163361665,96.7741935483871,10.1664
2024,26018,Suape,PE,Nordeste,159,322607.0,49.28597333597845,96.95340501792114,43.014266666666664
2024,29031,Ilhéus-Itabuna,BA,Nordeste,491,987326.0,49.730281588857174,97.1326164874552,131.64346666666665
2024,29030,Valença,BA,Nordeste,137,273503.0,50.090858235558656,97.31182795698925,36.46706666666667
2024,29024,Jequié,BA,Nordeste,270,525768.0,51.353448669375084,97.4910394265233,70.1024
2024,21016,Coelho Neto,MA,Nordeste,43,83444.0,51.53156608024543,97.67025089605735,11.125866666666667
2024,29012,Feira de Santana,BA,Nordeste,595,1127787.0,52.75818926800894,97.84946236559139,150.3716
2024,29021,Salvador,BA,Nordeste,1850,3502264.0,52.82297393914337,98.02867383512545,466.9685333333333
2024,29004,Juazeiro,BA,Nordeste,296,545818.0,54.23053105613959,98.2078853046595,72.77573333333333
2024,23024,Médio Jaguaribe,CE,Nordeste,35,63405.0,55.20069395158111,98.38709677419355,8.454
2024,23005,Sobral,CE,Nordeste,236,423011.0,55.79051135786067,98.5663082437276,56.401466666666664
2024,29032,Porto Seguro,BA,Nordeste,482,839409.0,57.42135240389369,98.74551971326164,111.9212
2024,13006,Coari,AM,Norte,94,162967.0,57.68038928126553,98.9247311827957,21.728933333333334
2024,23008,Itapipoca,CE,Nordeste,163,243750.0,66.87179487179488,99.10394265232975,32.5
2024,23011,Médio Curu,CE,Nordeste,60,88446.0,67.83800284919612,99.2831541218638,11.7928
2024,27010,Litoral Norte Alagoano,AL,Nordeste,53,74946.0,70.71758332666187,99.46236559139786,9.9928
2024,51012,Alto Guaporé,MT,Centro-Oeste,61,85925.0,70.9921443118999,99.6415770609319,11.456666666666667
2024,25023,Litoral Sul,PB,Nordeste,75,92978.0,80.66424315429457,99.82078853046595,12.397066666666667
2024,14003,Caracaraí,RR,Norte,47,52840.0,88.94776684330053,100.0,7.045333333333334
