year,crime,measurement_concept,geographic_sample,reporting_ufs,population_coverage_pct,excluded_uf_codes,population,count,rate_per_100k,plotted_value,plot_unit
2016,Vehicle theft,incidents,AL AM AP BA CE DF MA MG MS MT PA PB PE PI RJ RN RR RS SC SE SP TO,22,88.07907709705493,AC ES GO PR RO,179568510,246810,137.44614799109266,137.44614799109266,"incidents per 100,000 inhabitants"
2017,Vehicle theft,incidents,AL AM AP BA CE DF MA MG MS MT PA PB PE PI RJ RN RR RS SC SE SP TO,22,88.04582921224072,AC ES GO PR RO,180680217,232074,128.44460995970576,128.44460995970576,"incidents per 100,000 inhabitants"
2018,Vehicle theft,incidents,AL AM AP BA CE DF MA MG MS MT PA PB PE PI RJ RN RR RS SC SE SP TO,22,88.01478899059221,AC ES GO PR RO,181776097,211486,116.34422979166507,116.34422979166507,"incidents per 100,000 inhabitants"
2019,Vehicle theft,incidents,AL AM AP BA CE DF MA MG MS MT PA PB PE PI RJ RN RR RS SC SE SP TO,22,87.98295377435102,AC ES GO PR RO,182916648,198236,108.37504522825063,108.37504522825063,"incidents per 100,000 inhabitants"
2020,Vehicle theft,incidents,AL AM AP BA CE DF MA MG MS MT PA PB PE PI RJ RN RR RS SC SE SP TO,22,87.94771239067758,AC ES GO PR RO,183955735,154113,83.77721955773762,83.77721955773762,"incidents per 100,000 inhabitants"
2021,Vehicle theft,incidents,AL AM AP BA CE DF MA MG MS MT PA PB PE PI RJ RN RR RS SC SE SP TO,22,87.91560167243556,AC ES GO PR RO,184713881,168428,91.1831850904589,91.1831850904589,"incidents per 100,000 inhabitants"
2022,Vehicle theft,incidents,AL AM AP BA CE DF MA MG MS MT PA PB PE PI RJ RN RR RS SC SE SP TO,22,87.88498927761067,AC ES GO PR RO,185316910,202414,109.22586611227221,109.22586611227221,"incidents per 100,000 inhabitants"
2023,Vehicle theft,incidents,AL AM AP BA CE DF MA MG MS MT PA PB PE PI RJ RN RR RS SC SE SP TO,22,87.84987325973701,AC ES GO PR RO,185973928,197049,105.95517453392715,105.95517453392715,"incidents per 100,000 inhabitants"
2024,Vehicle theft,incidents,AL AM AP BA CE DF MA MG MS MT PA PB PE PI RJ RN RR RS SC SE SP TO,22,87.81462129631262,AC ES GO PR RO,186679615,194808,104.35418993123594,104.35418993123594,"incidents per 100,000 inhabitants"
2025,Vehicle theft,incidents,AL AM AP BA CE DF MA MG MS MT PA PB PE PI RJ RN RR RS SC SE SP TO,22,87.78124716918136,AC ES GO PR RO,187343648,183841,98.13036201793189,98.13036201793189,"incidents per 100,000 inhabitants"
2016,Vehicle robbery,incidents,AL AM AP BA CE DF MA MG MS MT PA PB PE PI RJ RN RR RS SC SE SP TO,22,88.07907709705493,AC ES GO PR RO,179568510,250540,139.52334961179997,139.52334961179997,"incidents per 100,000 inhabitants"
2017,Vehicle robbery,incidents,AL AM AP BA CE DF MA MG MS MT PA PB PE PI RJ RN RR RS SC SE SP TO,22,88.04582921224072,AC ES GO PR RO,180680217,256057,141.71833765287099,141.71833765287099,"incidents per 100,000 inhabitants"
2018,Vehicle robbery,incidents,AL AM AP BA CE DF MA MG MS MT PA PB PE PI RJ RN RR RS SC SE SP TO,22,88.01478899059221,AC ES GO PR RO,181776097,226237,124.45915812572431,124.45915812572431,"incidents per 100,000 inhabitants"
2019,Vehicle robbery,incidents,AL AM AP BA CE DF MA MG MS MT PA PB PE PI RJ RN RR RS SC SE SP TO,22,87.98295377435102,AC ES GO PR RO,182916648,173287,94.73549941719902,94.73549941719902,"incidents per 100,000 inhabitants"
2020,Vehicle robbery,incidents,AL AM AP BA CE DF MA MG MS MT PA PB PE PI RJ RN RR RS SC SE SP TO,22,87.94771239067758,AC ES GO PR RO,183955735,133375,72.5038553432433,72.5038553432433,"incidents per 100,000 inhabitants"
2021,Vehicle robbery,incidents,AL AM AP BA CE DF MA MG MS MT PA PB PE PI RJ RN RR RS SC SE SP TO,22,87.91560167243556,AC ES GO PR RO,184713881,129510,70.11384271656335,70.11384271656335,"incidents per 100,000 inhabitants"
2022,Vehicle robbery,incidents,AL AM AP BA CE DF MA MG MS MT PA PB PE PI RJ RN RR RS SC SE SP TO,22,87.88498927761067,AC ES GO PR RO,185316910,137763,74.33914152788323,74.33914152788323,"incidents per 100,000 inhabitants"
2023,Vehicle robbery,incidents,AL AM AP BA CE DF MA MG MS MT PA PB PE PI RJ RN RR RS SC SE SP TO,22,87.84987325973701,AC ES GO PR RO,185973928,126876,68.22246610826008,68.22246610826008,"incidents per 100,000 inhabitants"
2024,Vehicle robbery,incidents,AL AM AP BA CE DF MA MG MS MT PA PB PE PI RJ RN RR RS SC SE SP TO,22,87.81462129631262,AC ES GO PR RO,186679615,120289,64.43606603752637,64.43606603752637,"incidents per 100,000 inhabitants"
2025,Vehicle robbery,incidents,AL AM AP BA CE DF MA MG MS MT PA PB PE PI RJ RN RR RS SC SE SP TO,22,87.78124716918136,AC ES GO PR RO,187343648,100135,53.449903996745064,53.449903996745064,"incidents per 100,000 inhabitants"
2016,Cargo robbery,incidents,AL AM AP BA CE DF MA MG MT PA PB PE PI RJ RN RR RS SC SP TO,20,85.683912583844,AC ES GO MS PR RO SE,174685442,22622,12.950134676935471,12.950134676935471,"incidents per 100,000 inhabitants"
2017,Cargo robbery,incidents,AL AM AP BA CE DF MA MG MT PA PB PE PI RJ RN RR RS SC SP TO,20,85.64426905059737,AC ES GO MS PR RO SE,175751938,24279,13.814356914801133,13.814356914801133,"incidents per 100,000 inhabitants"
2018,Cargo robbery,incidents,AL AM AP BA CE DF MA MG MT PA PB PE PI RJ RN RR RS SC SP TO,20,85.6067842624629,AC ES GO MS PR RO SE,176802868,20517,11.604449764921235,11.604449764921235,"incidents per 100,000 inhabitants"
2019,Cargo robbery,incidents,AL AM AP BA CE DF MA MG MT PA PB PE PI RJ RN RR RS SC SP TO,20,85.56913674196952,AC ES GO MS PR RO SE,177898320,16861,9.477886019384556,9.477886019384556,"incidents per 100,000 inhabitants"
2020,Cargo robbery,incidents,AL AM AP BA CE DF MA MG MT PA PB PE PI RJ RN RR RS SC SP TO,20,85.52805007345187,AC ES GO MS PR RO SE,178894651,12626,7.057785087157246,7.057785087157246,"incidents per 100,000 inhabitants"
2021,Cargo robbery,incidents,AL AM AP BA CE DF MA MG MT PA PB PE PI RJ RN RR RS SC SP TO,20,85.48971321496654,AC ES GO MS PR RO SE,179617001,12698,7.0694867018740615,7.0694867018740615,"incidents per 100,000 inhabitants"
2022,Cargo robbery,incidents,AL AM AP BA CE DF MA MG MT PA PB PE PI RJ RN RR RS SC SP TO,20,85.45309443905572,AC ES GO MS PR RO SE,180188944,12530,6.953811772158452,6.953811772158452,"incidents per 100,000 inhabitants"
2023,Cargo robbery,incidents,AL AM AP BA CE DF MA MG MT PA PB PE PI RJ RN RR RS SC SP TO,20,85.41240466161253,AC ES GO MS PR RO SE,180813925,11371,6.288785556753995,6.288785556753995,"incidents per 100,000 inhabitants"
2024,Cargo robbery,incidents,AL AM AP BA CE DF MA MG MT PA PB PE PI RJ RN RR RS SC SP TO,20,85.37183251306838,AC ES GO MS PR RO SE,181486643,10070,5.548617701854786,5.548617701854786,"incidents per 100,000 inhabitants"
2025,Cargo robbery,incidents,AL AM AP BA CE DF MA MG MT PA PB PE PI RJ RN RR RS SC SP TO,20,85.33347722417824,AC ES GO MS PR RO SE,182119592,8406,4.615648381202172,4.615648381202172,"incidents per 100,000 inhabitants"
2016,Robbery of financial institutions,incidents,AL AM BA CE DF MA MG MT PA PB PE PI RJ RN RR RS SC SE SP TO,20,86.39090742876931,AC AP ES GO MS PR RO,176126806,884,0.5019111060243721,0.5019111060243721,"incidents per 100,000 inhabitants"
2017,Robbery of financial institutions,incidents,AL AM BA CE DF MA MG MT PA PB PE PI RJ RN RR RS SC SE SP TO,20,86.349474946969,AC AP ES GO MS PR RO,177199102,952,0.5372487722877963,0.5372487722877963,"incidents per 100,000 inhabitants"
2018,Robbery of financial institutions,incidents,AL AM BA CE DF MA MG MT PA PB PE PI RJ RN RR RS SC SE SP TO,20,86.310938997353,AC AP ES GO MS PR RO,178257152,692,0.3882032177873009,0.3882032177873009,"incidents per 100,000 inhabitants"
2019,Robbery of financial institutions,incidents,AL AM BA CE DF MA MG MT PA PB PE PI RJ RN RR RS SC SE SP TO,20,86.2722783022821,AC AP ES GO MS PR RO,179360152,329,0.18342981778918208,0.18342981778918208,"incidents per 100,000 inhabitants"
2020,Robbery of financial institutions,incidents,AL AM BA CE DF MA MG MT PA PB PE PI RJ RN RR RS SC SE SP TO,20,86.23021620038725,AC AP ES GO MS PR RO,180363336,226,0.12530262802413458,0.12530262802413458,"incidents per 100,000 inhabitants"
2021,Robbery of financial institutions,incidents,AL AM BA CE DF MA MG MT PA PB PE PI RJ RN RR RS SC SE SP TO,20,86.19130314742473,AC AP ES GO MS PR RO,181091067,241,0.1330822132711825,0.1330822132711825,"incidents per 100,000 inhabitants"
2022,Robbery of financial institutions,incidents,AL AM BA CE DF MA MG MT PA PB PE PI RJ RN RR RS SC SE SP TO,20,86.15408613469155,AC AP ES GO MS PR RO,181667076,176,0.09688051565270968,0.09688051565270968,"incidents per 100,000 inhabitants"
2023,Robbery of financial institutions,incidents,AL AM BA CE DF MA MG MT PA PB PE PI RJ RN RR RS SC SE SP TO,20,86.11287887841063,AC AP ES GO MS PR RO,182296795,96,0.05266137564294534,0.05266137564294534,"incidents per 100,000 inhabitants"
2024,Robbery of financial institutions,incidents,AL AM BA CE DF MA MG MT PA PB PE PI RJ RN RR RS SC SE SP TO,20,86.07190483750522,AC AP ES GO MS PR RO,182974883,78,0.04262880168093891,0.04262880168093891,"incidents per 100,000 inhabitants"
2025,Robbery of financial institutions,incidents,AL AM BA CE DF MA MG MT PA PB PE PI RJ RN RR RS SC SE SP TO,20,86.03299027171347,AC AP ES GO MS PR RO,183612500,55,0.029954387637007283,0.029954387637007283,"incidents per 100,000 inhabitants"
