year,crime,measurement_concept,geographic_sample,reporting_ufs,population_coverage_pct,population,count,rate_per_100k,plotted_value,plot_unit
2016,Intentional homicide,victims,Brasil — 27 UFs,27,100.0,203871925,51157,25.092714457863682,25.092714457863682,"victims per 100,000 inhabitants"
2017,Intentional homicide,victims,Brasil — 27 UFs,27,100.0,205211557,55881,27.230922476749203,27.230922476749203,"victims per 100,000 inhabitants"
2018,Intentional homicide,victims,Brasil — 27 UFs,27,100.0,206529038,48517,23.49161186718935,23.49161186718935,"victims per 100,000 inhabitants"
2019,Intentional homicide,victims,Brasil — 27 UFs,27,100.0,207900099,39228,18.868677883602164,18.868677883602164,"victims per 100,000 inhabitants"
2020,Intentional homicide,victims,Brasil — 27 UFs,27,100.0,209164889,41595,19.886224786034717,19.886224786034717,"victims per 100,000 inhabitants"
2021,Intentional homicide,victims,Brasil — 27 UFs,27,100.0,210103642,39286,18.698390768495102,18.698390768495102,"victims per 100,000 inhabitants"
2022,Intentional homicide,victims,Brasil — 27 UFs,27,100.0,210862983,38578,18.295292730445723,18.295292730445723,"victims per 100,000 inhabitants"
2023,Intentional homicide,victims,Brasil — 27 UFs,27,100.0,211695158,37339,17.6380982695882,17.6380982695882,"victims per 100,000 inhabitants"
2024,Intentional homicide,victims,Brasil — 27 UFs,27,100.0,212583750,35136,16.528074229568347,16.528074229568347,"victims per 100,000 inhabitants"
2025,Intentional homicide,victims,Brasil — 27 UFs,27,100.0,213421037,31492,14.75580872564123,14.75580872564123,"victims per 100,000 inhabitants"
2016,Robbery followed by death,victims,Brasil — 27 UFs,27,100.0,203871925,2421,1.187510246935668,1.187510246935668,"victims per 100,000 inhabitants"
2017,Robbery followed by death,victims,Brasil — 27 UFs,27,100.0,205211557,2349,1.144672373398541,1.144672373398541,"victims per 100,000 inhabitants"
2018,Robbery followed by death,victims,Brasil — 27 UFs,27,100.0,206529038,1988,0.9625765070382015,0.9625765070382015,"victims per 100,000 inhabitants"
2019,Robbery followed by death,victims,Brasil — 27 UFs,27,100.0,207900099,1603,0.7710434038802454,0.7710434038802454,"victims per 100,000 inhabitants"
2020,Robbery followed by death,victims,Brasil — 27 UFs,27,100.0,209164889,1461,0.6984919921239745,0.6984919921239745,"victims per 100,000 inhabitants"
2021,Robbery followed by death,victims,Brasil — 27 UFs,27,100.0,210103642,1458,0.6939432301701843,0.6939432301701843,"victims per 100,000 inhabitants"
2022,Robbery followed by death,victims,Brasil — 27 UFs,27,100.0,210862983,1241,0.5885338347888212,0.5885338347888212,"victims per 100,000 inhabitants"
2023,Robbery followed by death,victims,Brasil — 27 UFs,27,100.0,211695158,1004,0.47426687010007096,0.47426687010007096,"victims per 100,000 inhabitants"
2024,Robbery followed by death,victims,Brasil — 27 UFs,27,100.0,212583750,967,0.4548795474724667,0.4548795474724667,"victims per 100,000 inhabitants"
2025,Robbery followed by death,victims,Brasil — 27 UFs,27,100.0,213421037,799,0.3743773393810283,0.3743773393810283,"victims per 100,000 inhabitants"
2016,Attempted homicide,victims,Brasil — 27 UFs,27,100.0,203871925,45002,22.073662177859948,22.073662177859948,"victims per 100,000 inhabitants"
2017,Attempted homicide,victims,Brasil — 27 UFs,27,100.0,205211557,43316,21.10797297834449,21.10797297834449,"victims per 100,000 inhabitants"
2018,Attempted homicide,victims,Brasil — 27 UFs,27,100.0,206529038,41399,20.045123146315145,20.045123146315145,"victims per 100,000 inhabitants"
2019,Attempted homicide,victims,Brasil — 27 UFs,27,100.0,207900099,42354,20.372284671206433,20.372284671206433,"victims per 100,000 inhabitants"
2020,Attempted homicide,victims,Brasil — 27 UFs,27,100.0,209164889,38296,18.3090002261326,18.3090002261326,"victims per 100,000 inhabitants"
2021,Attempted homicide,victims,Brasil — 27 UFs,27,100.0,210103642,36004,17.136304567247816,17.136304567247816,"victims per 100,000 inhabitants"
2022,Attempted homicide,victims,Brasil — 27 UFs,27,100.0,210862983,36862,17.481494132139826,17.481494132139826,"victims per 100,000 inhabitants"
2023,Attempted homicide,victims,Brasil — 27 UFs,27,100.0,211695158,35207,16.630989736666532,16.630989736666532,"victims per 100,000 inhabitants"
2024,Attempted homicide,victims,Brasil — 27 UFs,27,100.0,212583750,36973,17.392204248913664,17.392204248913664,"victims per 100,000 inhabitants"
2025,Attempted homicide,victims,Brasil — 27 UFs,27,100.0,213421037,33917,15.892060350170635,15.892060350170635,"victims per 100,000 inhabitants"
2016,Rape,victims,Brasil — 27 UFs,27,100.0,203871925,33595,16.478482753326627,16.478482753326627,"victims per 100,000 inhabitants"
2017,Rape,victims,Brasil — 27 UFs,27,100.0,205211557,29423,14.337886437848137,14.337886437848137,"victims per 100,000 inhabitants"
2018,Rape,victims,Brasil — 27 UFs,27,100.0,206529038,28361,13.732209414542472,13.732209414542472,"victims per 100,000 inhabitants"
2019,Rape,victims,Brasil — 27 UFs,27,100.0,207900099,29026,13.961513313180289,13.961513313180289,"victims per 100,000 inhabitants"
2020,Rape,victims,Brasil — 27 UFs,27,100.0,209164889,21820,10.431961169161617,10.431961169161617,"victims per 100,000 inhabitants"
2021,Rape,victims,Brasil — 27 UFs,27,100.0,210103642,23729,11.293949868798562,11.293949868798562,"victims per 100,000 inhabitants"
2022,Rape,victims,Brasil — 27 UFs,27,100.0,210862983,23227,11.015209815181263,11.015209815181263,"victims per 100,000 inhabitants"
2023,Rape,victims,Brasil — 27 UFs,27,100.0,211695158,24711,11.67291695920603,11.67291695920603,"victims per 100,000 inhabitants"
2024,Rape,victims,Brasil — 27 UFs,27,100.0,212583750,25222,11.864500461582788,11.864500461582788,"victims per 100,000 inhabitants"
2025,Rape,victims,Brasil — 27 UFs,27,100.0,213421037,19877,9.31351486217359,9.31351486217359,"victims per 100,000 inhabitants"
2016,Rape of a vulnerable person,victims,Brasil — 27 UFs,27,100.0,203871925,26003,12.754576187967029,12.754576187967029,"victims per 100,000 inhabitants"
2017,Rape of a vulnerable person,victims,Brasil — 27 UFs,27,100.0,205211557,36002,17.543846226945202,17.543846226945202,"victims per 100,000 inhabitants"
2018,Rape of a vulnerable person,victims,Brasil — 27 UFs,27,100.0,206529038,44455,21.524818219508678,21.524818219508678,"victims per 100,000 inhabitants"
2019,Rape of a vulnerable person,victims,Brasil — 27 UFs,27,100.0,207900099,48524,23.34005622575485,23.34005622575485,"victims per 100,000 inhabitants"
2020,Rape of a vulnerable person,victims,Brasil — 27 UFs,27,100.0,209164889,45306,21.66042313153237,21.66042313153237,"victims per 100,000 inhabitants"
2021,Rape of a vulnerable person,victims,Brasil — 27 UFs,27,100.0,210103642,48853,23.251857766463658,23.251857766463658,"victims per 100,000 inhabitants"
2022,Rape of a vulnerable person,victims,Brasil — 27 UFs,27,100.0,210862983,57288,27.168353204981454,27.168353204981454,"victims per 100,000 inhabitants"
2023,Rape of a vulnerable person,victims,Brasil — 27 UFs,27,100.0,211695158,63709,30.09468927012492,30.09468927012492,"victims per 100,000 inhabitants"
2024,Rape of a vulnerable person,victims,Brasil — 27 UFs,27,100.0,212583750,63919,30.067679208782423,30.067679208782423,"victims per 100,000 inhabitants"
2025,Rape of a vulnerable person,victims,Brasil — 27 UFs,27,100.0,213421037,63612,29.805871480232756,29.805871480232756,"victims per 100,000 inhabitants"
2016,Femicide,victims,Brasil — 27 UFs,27,100.0,203871925,809,0.3968177570305475,0.3968177570305475,"victims per 100,000 inhabitants"
2017,Femicide,victims,Brasil — 27 UFs,27,100.0,205211557,1048,0.5106924850241256,0.5106924850241256,"victims per 100,000 inhabitants"
2018,Femicide,victims,Brasil — 27 UFs,27,100.0,206529038,1176,0.5694114548676685,0.5694114548676685,"victims per 100,000 inhabitants"
2019,Femicide,victims,Brasil — 27 UFs,27,100.0,207900099,1331,0.6402113353490996,0.6402113353490996,"victims per 100,000 inhabitants"
2020,Femicide,victims,Brasil — 27 UFs,27,100.0,209164889,1346,0.6435114451737644,0.6435114451737644,"victims per 100,000 inhabitants"
2021,Femicide,victims,Brasil — 27 UFs,27,100.0,210103642,1366,0.6501553171553304,0.6501553171553304,"victims per 100,000 inhabitants"
2022,Femicide,victims,Brasil — 27 UFs,27,100.0,210862983,1456,0.6904957803807603,0.6904957803807603,"victims per 100,000 inhabitants"
2023,Femicide,victims,Brasil — 27 UFs,27,100.0,211695158,1478,0.6981737390516981,0.6981737390516981,"victims per 100,000 inhabitants"
2024,Femicide,victims,Brasil — 27 UFs,27,100.0,212583750,1501,0.7060746646909747,0.7060746646909747,"victims per 100,000 inhabitants"
2025,Femicide,victims,Brasil — 27 UFs,27,100.0,213421037,1562,0.731886613408218,0.731886613408218,"victims per 100,000 inhabitants"
