ano,uf,pib_estadual_reais_dez_2025,populacao,pib_per_capita_reais_dez_2025,custo_total_reais_dez_2025,custo_total_pib_pct,componente,valor_reais_dez_2025,participacao_pib_pct,composicao_total_pct,status_ano
2025,AC,30511673344.59,955012.0,31948.994719008766,2756383461.154197,9.033865268628178,Medical and therapeutic services,103649.69210999999,0.00033970503990197586,0.00376035096606617,Preliminary: state productive losses and the incarceration concept are under review
2025,AC,30511673344.59,955012.0,31948.994719008766,2756383461.154197,9.033865268628178,Incarceration and incarceration benefit,273433249.039338,0.8961594664155652,9.920000351650696,Preliminary: state productive losses and the incarceration concept are under review
2025,AC,30511673344.59,955012.0,31948.994719008766,2756383461.154197,9.033865268628178,Judicial costs,445840161.99,1.4612117695244387,16.174823578549212,Preliminary: state productive losses and the incarceration concept are under review
2025,AC,30511673344.59,955012.0,31948.994719008766,2756383461.154197,9.033865268628178,Productive-capacity losses,113183814.4,0.3709524978251268,4.106243416240999,Preliminary: state productive losses and the incarceration concept are under review
2025,AC,30511673344.59,955012.0,31948.994719008766,2756383461.154197,9.033865268628178,Insurance and material losses,369841458.786749,1.2121310247716233,13.417634519976517,Preliminary: state productive losses and the incarceration concept are under review
2025,AC,30511673344.59,955012.0,31948.994719008766,2756383461.154197,9.033865268628178,Private security,239344914.536,0.7844371950135539,8.68329526385192,Preliminary: state productive losses and the incarceration concept are under review
2025,AC,30511673344.59,955012.0,31948.994719008766,2756383461.154197,9.033865268628178,Public security,1314636212.71,4.308633610037966,47.69424251876458,Preliminary: state productive losses and the incarceration concept are under review
2025,AL,104086034879.9,3415514.0,30474.486381815444,5978780923.852403,5.744075975947243,Medical and therapeutic services,2097332.2528,0.0020149987029672266,0.03507959698661433,Preliminary: state productive losses and the incarceration concept are under review
2025,AL,104086034879.9,3415514.0,30474.486381815444,5978780923.852403,5.744075975947243,Incarceration and incarceration benefit,617326527.610914,0.5930925587887157,10.32529098278353,Preliminary: state productive losses and the incarceration concept are under review
2025,AL,104086034879.9,3415514.0,30474.486381815444,5978780923.852403,5.744075975947243,Judicial costs,687837109.03,0.6608351541334657,11.504638115871872,Preliminary: state productive losses and the incarceration concept are under review
2025,AL,104086034879.9,3415514.0,30474.486381815444,5978780923.852403,5.744075975947243,Productive-capacity losses,571105027.0,0.5486855442797599,9.552198588203343,Preliminary: state productive losses and the incarceration concept are under review
2025,AL,104086034879.9,3415514.0,30474.486381815444,5978780923.852403,5.744075975947243,Insurance and material losses,977226441.714689,0.9388641260494407,16.344911348332484,Preliminary: state productive losses and the incarceration concept are under review
2025,AL,104086034879.9,3415514.0,30474.486381815444,5978780923.852403,5.744075975947243,Private security,537319170.944,0.5162259966613075,8.987102517845404,Preliminary: state productive losses and the incarceration concept are under review
2025,AL,104086034879.9,3415514.0,30474.486381815444,5978780923.852403,5.744075975947243,Public security,2585869315.2999997,2.4843575973315857,43.250778849976754,Preliminary: state productive losses and the incarceration concept are under review
2025,AM,187766731088.94,4510151.0,41632.02763919434,8290465930.334393,4.415300773600529,Medical and therapeutic services,1440799.8195,0.0007673349858860419,0.017378996929812915,Preliminary: state productive losses and the incarceration concept are under review
2025,AM,187766731088.94,4510151.0,41632.02763919434,8290465930.334393,4.415300773600529,Incarceration and incarceration benefit,465824539.733892,0.2480868346763962,5.618798070557938,Preliminary: state productive losses and the incarceration concept are under review
2025,AM,187766731088.94,4510151.0,41632.02763919434,8290465930.334393,4.415300773600529,Judicial costs,1056997752.0,0.5629313275413678,12.74955787626482,Preliminary: state productive losses and the incarceration concept are under review
2025,AM,187766731088.94,4510151.0,41632.02763919434,8290465930.334393,4.415300773600529,Productive-capacity losses,551881046.4,0.29391843975735454,6.656815805498884,Preliminary: state productive losses and the incarceration concept are under review
2025,AM,187766731088.94,4510151.0,41632.02763919434,8290465930.334393,4.415300773600529,Insurance and material losses,1554548566.303,0.8279148054010976,18.751039801212933,Preliminary: state productive losses and the incarceration concept are under review
2025,AM,187766731088.94,4510151.0,41632.02763919434,8290465930.334393,4.415300773600529,Private security,1250344395.938,0.6659030535850069,15.081714422865591,Preliminary: state productive losses and the incarceration concept are under review
2025,AM,187766731088.94,4510151.0,41632.02763919434,8290465930.334393,4.415300773600529,Public security,3409428830.14,1.8157789776534192,41.12469502667002,Preliminary: state productive losses and the incarceration concept are under review
2025,AP,32517982762.03,938973.0,34631.43536824807,3206449890.924845,9.860543670220816,Medical and therapeutic services,312448.73911,0.000960849082787615,0.009744382408542165,Preliminary: state productive losses and the incarceration concept are under review
2025,AP,32517982762.03,938973.0,34631.43536824807,3206449890.924845,9.860543670220816,Incarceration and incarceration benefit,275198279.34345603,0.8462956677152633,8.582647123921834,Preliminary: state productive losses and the incarceration concept are under review
2025,AP,32517982762.03,938973.0,34631.43536824807,3206449890.924845,9.860543670220816,Judicial costs,993916869.87,3.0565145357988155,30.997424057150067,Preliminary: state productive losses and the incarceration concept are under review
2025,AP,32517982762.03,938973.0,34631.43536824807,3206449890.924845,9.860543670220816,Productive-capacity losses,238922006.9,0.7347380944520951,7.451293955231187,Preliminary: state productive losses and the incarceration concept are under review
2025,AP,32517982762.03,938973.0,34631.43536824807,3206449890.924845,9.860543670220816,Insurance and material losses,263439325.178279,0.8101342789500676,8.215918980174504,Preliminary: state productive losses and the incarceration concept are under review
2025,AP,32517982762.03,938973.0,34631.43536824807,3206449890.924845,9.860543670220816,Private security,266360000.85400003,0.8191160036071437,8.30700649986372,Preliminary: state productive losses and the incarceration concept are under review
2025,AP,32517982762.03,938973.0,34631.43536824807,3206449890.924845,9.860543670220816,Public security,1168300960.04,3.592784240614643,36.435965001250146,Preliminary: state productive losses and the incarceration concept are under review
2025,BA,500171155613.39,15170253.0,32970.52169224798,26819572208.366486,5.36207894185262,Medical and therapeutic services,7703680.220199999,0.0015402088132716314,0.02872409805924049,Preliminary: state productive losses and the incarceration concept are under review
2025,BA,500171155613.39,15170253.0,32970.52169224798,26819572208.366486,5.36207894185262,Incarceration and incarceration benefit,1084044220.4696279,0.2167346533888383,4.041989231026792,Preliminary: state productive losses and the incarceration concept are under review
2025,BA,500171155613.39,15170253.0,32970.52169224798,26819572208.366486,5.36207894185262,Judicial costs,4184786340.08,0.836670866185385,15.603479084481956,Preliminary: state productive losses and the incarceration concept are under review
2025,BA,500171155613.39,15170253.0,32970.52169224798,26819572208.366486,5.36207894185262,Productive-capacity losses,2771319046.0,0.5540741434002455,10.333196310772902,Preliminary: state productive losses and the incarceration concept are under review
2025,BA,500171155613.39,15170253.0,32970.52169224798,26819572208.366486,5.36207894185262,Insurance and material losses,7259725860.90666,1.451448325124551,27.068760845640767,Preliminary: state productive losses and the incarceration concept are under review
2025,BA,500171155613.39,15170253.0,32970.52169224798,26819572208.366486,5.36207894185262,Private security,3878126552.08,0.7753598960187977,14.460061189455516,Preliminary: state productive losses and the incarceration concept are under review
2025,BA,500171155613.39,15170253.0,32970.52169224798,26819572208.366486,5.36207894185262,Public security,7633866508.61,1.5262508489215314,28.463789240562836,Preliminary: state productive losses and the incarceration concept are under review
2025,CE,269518912133.96,9435907.0,28563.116628211785,17678923988.18945,6.559437275927571,Medical and therapeutic services,10225556.093,0.003794003178492185,0.05784037591785149,Preliminary: state productive losses and the incarceration concept are under review
2025,CE,269518912133.96,9435907.0,28563.116628211785,17678923988.18945,6.559437275927571,Incarceration and incarceration benefit,1537191767.9307,0.5703465318109714,8.695052758627355,Preliminary: state productive losses and the incarceration concept are under review
2025,CE,269518912133.96,9435907.0,28563.116628211785,17678923988.18945,6.559437275927571,Judicial costs,3253859436.13,1.2072842719522117,18.405302485059426,Preliminary: state productive losses and the incarceration concept are under review
2025,CE,269518912133.96,9435907.0,28563.116628211785,17678923988.18945,6.559437275927571,Productive-capacity losses,1299444096.0,0.48213466198399185,7.3502442618572505,Preliminary: state productive losses and the incarceration concept are under review
2025,CE,269518912133.96,9435907.0,28563.116628211785,17678923988.18945,6.559437275927571,Insurance and material losses,4214736785.98975,1.563800014113623,23.840459910373728,Preliminary: state productive losses and the incarceration concept are under review
2025,CE,269518912133.96,9435907.0,28563.116628211785,17678923988.18945,6.559437275927571,Private security,1957905966.7960002,0.7264447423351335,11.074802788359719,Preliminary: state productive losses and the incarceration concept are under review
2025,CE,269518912133.96,9435907.0,28563.116628211785,17678923988.18945,6.559437275927571,Public security,5405560379.25,2.005633050553148,30.576297419804675,Preliminary: state productive losses and the incarceration concept are under review
2025,DF,424367273822.74,3239675.0,130990.69314753485,8263886158.677602,1.9473429428795825,Medical and therapeutic services,2984579.5608,0.0007033010660588006,0.03611593266765906,Preliminary: state productive losses and the incarceration concept are under review
2025,DF,424367273822.74,3239675.0,130990.69314753485,8263886158.677602,1.9473429428795825,Incarceration and incarceration benefit,787538273.913522,0.18557940786039032,9.529878059689352,Preliminary: state productive losses and the incarceration concept are under review
2025,DF,424367273822.74,3239675.0,130990.69314753485,8263886158.677602,1.9473429428795825,Judicial costs,2552639307.87,0.6015165318653314,30.889090905367418,Preliminary: state productive losses and the incarceration concept are under review
2025,DF,424367273822.74,3239675.0,130990.69314753485,8263886158.677602,1.9473429428795825,Productive-capacity losses,268599215.2,0.06329404545747207,3.2502772913679827,Preliminary: state productive losses and the incarceration concept are under review
2025,DF,424367273822.74,3239675.0,130990.69314753485,8263886158.677602,1.9473429428795825,Insurance and material losses,1177105954.92528,0.27737905996421447,14.243975925167419,Preliminary: state productive losses and the incarceration concept are under review
2025,DF,424367273822.74,3239675.0,130990.69314753485,8263886158.677602,1.9473429428795825,Private security,1767903113.618,0.41659741989351906,21.39312037547359,Preliminary: state productive losses and the incarceration concept are under review
2025,DF,424367273822.74,3239675.0,130990.69314753485,8263886158.677602,1.9473429428795825,Public security,1707115713.59,0.4022731767725966,20.65754151026658,Preliminary: state productive losses and the incarceration concept are under review
2025,ES,243512152195.15,4275342.0,56957.35035820526,9024123833.813568,3.705820737267214,Medical and therapeutic services,2197890.085,0.0009025792204565695,0.024355717247190947,Preliminary: state productive losses and the incarceration concept are under review
2025,ES,243512152195.15,4275342.0,56957.35035820526,9024123833.813568,3.705820737267214,Incarceration and incarceration benefit,886052850.4279081,0.36386391497941656,9.818713337109257,Preliminary: state productive losses and the incarceration concept are under review
2025,ES,243512152195.15,4275342.0,56957.35035820526,9024123833.813568,3.705820737267214,Judicial costs,1514978400.06,0.6221366721960965,16.788094090457253,Preliminary: state productive losses and the incarceration concept are under review
2025,ES,243512152195.15,4275342.0,56957.35035820526,9024123833.813568,3.705820737267214,Productive-capacity losses,899552130.5,0.36940749050548466,9.968304370218863,Preliminary: state productive losses and the incarceration concept are under review
2025,ES,243512152195.15,4275342.0,56957.35035820526,9024123833.813568,3.705820737267214,Insurance and material losses,1567742553.39866,0.6438046476392173,17.372795212808338,Preliminary: state productive losses and the incarceration concept are under review
2025,ES,243512152195.15,4275342.0,56957.35035820526,9024123833.813568,3.705820737267214,Private security,1117201185.5820003,0.4587866254357106,12.38016239754851,Preliminary: state productive losses and the incarceration concept are under review
2025,ES,243512152195.15,4275342.0,56957.35035820526,9024123833.813568,3.705820737267214,Public security,3036398823.76,1.2469188072908322,33.64757487461059,Preliminary: state productive losses and the incarceration concept are under review
2025,GO,390802484261.62,7558218.0,51705.63805669802,13604992187.360611,3.481296239215523,Medical and therapeutic services,1932112.049,0.0004943960508978139,0.014201493263590272,Preliminary: state productive losses and the incarceration concept are under review
2025,GO,390802484261.62,7558218.0,51705.63805669802,13604992187.360611,3.481296239215523,Incarceration and incarceration benefit,685886188.602528,0.1755071209177284,5.0414302276463925,Preliminary: state productive losses and the incarceration concept are under review
2025,GO,390802484261.62,7558218.0,51705.63805669802,13604992187.360611,3.481296239215523,Judicial costs,3545599899.5,0.9072613512677732,26.06102120950833,Preliminary: state productive losses and the incarceration concept are under review
2025,GO,390802484261.62,7558218.0,51705.63805669802,13604992187.360611,3.481296239215523,Productive-capacity losses,1220255597.0,0.3122435619378275,8.969175286507323,Preliminary: state productive losses and the incarceration concept are under review
2025,GO,390802484261.62,7558218.0,51705.63805669802,13604992187.360611,3.481296239215523,Insurance and material losses,656885082.709084,0.16808620957213183,4.828265049055649,Preliminary: state productive losses and the incarceration concept are under review
2025,GO,390802484261.62,7558218.0,51705.63805669802,13604992187.360611,3.481296239215523,Private security,2441989000.46,0.6248652705148178,17.949212809755753,Preliminary: state productive losses and the incarceration concept are under review
2025,GO,390802484261.62,7558218.0,51705.63805669802,13604992187.360611,3.481296239215523,Public security,5052444307.04,1.2928383289543461,37.13669392426297,Preliminary: state productive losses and the incarceration concept are under review
2025,MA,173181535941.77,7298196.0,23729.36215220446,10168341385.64784,5.871492783772752,Medical and therapeutic services,1085773.1169,0.0006269566273306855,0.010677976630805493,Preliminary: state productive losses and the incarceration concept are under review
2025,MA,173181535941.77,7298196.0,23729.36215220446,10168341385.64784,5.871492783772752,Incarceration and incarceration benefit,524233935.85728,0.302707752882817,5.155550113583055,Preliminary: state productive losses and the incarceration concept are under review
2025,MA,173181535941.77,7298196.0,23729.36215220446,10168341385.64784,5.871492783772752,Judicial costs,1681115024.2400002,0.9707241681961135,16.532834220267418,Preliminary: state productive losses and the incarceration concept are under review
2025,MA,173181535941.77,7298196.0,23729.36215220446,10168341385.64784,5.871492783772752,Productive-capacity losses,1030652305.0,0.5951282851230418,10.135894005827929,Preliminary: state productive losses and the incarceration concept are under review
2025,MA,173181535941.77,7298196.0,23729.36215220446,10168341385.64784,5.871492783772752,Insurance and material losses,3347478890.94366,1.932930593749443,32.9205989844959,Preliminary: state productive losses and the incarceration concept are under review
2025,MA,173181535941.77,7298196.0,23729.36215220446,10168341385.64784,5.871492783772752,Private security,1127796196.4,0.6512219621260357,11.091250319268726,Preliminary: state productive losses and the incarceration concept are under review
2025,MA,173181535941.77,7298196.0,23729.36215220446,10168341385.64784,5.871492783772752,Public security,2455979260.09,1.4181530650679706,24.15319437992616,Preliminary: state productive losses and the incarceration concept are under review
2025,MG,1128001941010.96,21834171.0,51662.22894429837,34852828057.79231,3.089784404675388,Medical and therapeutic services,13174244.233000001,0.001167927443563858,0.03779964200080038,Preliminary: state productive losses and the incarceration concept are under review
2025,MG,1128001941010.96,21834171.0,51662.22894429837,34852828057.79231,3.089784404675388,Incarceration and incarceration benefit,3240538050.511182,0.2872812477261239,9.297776482120135,Preliminary: state productive losses and the incarceration concept are under review
2025,MG,1128001941010.96,21834171.0,51662.22894429837,34852828057.79231,3.089784404675388,Judicial costs,9063876649.109999,0.8035337812439042,26.006143989464633,Preliminary: state productive losses and the incarceration concept are under review
2025,MG,1128001941010.96,21834171.0,51662.22894429837,34852828057.79231,3.089784404675388,Productive-capacity losses,1966591359.0,0.17434290558378499,5.642558921586033,Preliminary: state productive losses and the incarceration concept are under review
2025,MG,1128001941010.96,21834171.0,51662.22894429837,34852828057.79231,3.089784404675388,Insurance and material losses,2614430862.23813,0.23177538683089266,7.501344963751376,Preliminary: state productive losses and the incarceration concept are under review
2025,MG,1128001941010.96,21834171.0,51662.22894429837,34852828057.79231,3.089784404675388,Private security,5164789209.06,0.45787059589907375,14.818852577747329,Preliminary: state productive losses and the incarceration concept are under review
2025,MG,1128001941010.96,21834171.0,51662.22894429837,34852828057.79231,3.089784404675388,Public security,12789427683.64,1.1338125599480449,36.69552342332969,Preliminary: state productive losses and the incarceration concept are under review
2025,MS,214002830739.91,2951121.0,72515.7764591523,5567175728.658959,2.601449574012911,Medical and therapeutic services,2910425.991,0.0013599941556554497,0.05227832087314178,Preliminary: state productive losses and the incarceration concept are under review
2025,MS,214002830739.91,2951121.0,72515.7764591523,5567175728.658959,2.601449574012911,Incarceration and incarceration benefit,661049048.6975099,0.3088973386061986,11.874046750393232,Preliminary: state productive losses and the incarceration concept are under review
2025,MS,214002830739.91,2951121.0,72515.7764591523,5567175728.658959,2.601449574012911,Judicial costs,1424904752.12,0.6658345346149972,25.594750759973515,Preliminary: state productive losses and the incarceration concept are under review
2025,MS,214002830739.91,2951121.0,72515.7764591523,5567175728.658959,2.601449574012911,Productive-capacity losses,466963028.9,0.21820413649926299,8.387790356538353,Preliminary: state productive losses and the incarceration concept are under review
2025,MS,214002830739.91,2951121.0,72515.7764591523,5567175728.658959,2.601449574012911,Insurance and material losses,300266741.75845,0.14030970558673658,5.393520096962688,Preliminary: state productive losses and the incarceration concept are under review
2025,MS,214002830739.91,2951121.0,72515.7764591523,5567175728.658959,2.601449574012911,Private security,512384623.35200006,0.23942889987970797,9.203672532094204,Preliminary: state productive losses and the incarceration concept are under review
2025,MS,214002830739.91,2951121.0,72515.7764591523,5567175728.658959,2.601449574012911,Public security,2198697107.84,1.0274149646703523,39.49394118316488,Preliminary: state productive losses and the incarceration concept are under review
2025,MT,316832641129.65,3722274.0,85118.03298995453,9443806734.105257,2.980692488133124,Medical and therapeutic services,894259.9387,0.0002822499397510192,0.009469274031948152,Preliminary: state productive losses and the incarceration concept are under review
2025,MT,316832641129.65,3722274.0,85118.03298995453,9443806734.105257,2.980692488133124,Incarceration and incarceration benefit,758097519.947286,0.23927380627334652,8.027456949214148,Preliminary: state productive losses and the incarceration concept are under review
2025,MT,316832641129.65,3722274.0,85118.03298995453,9443806734.105257,2.980692488133124,Judicial costs,2142910396.99,0.6763540490492288,22.69117165698783,Preliminary: state productive losses and the incarceration concept are under review
2025,MT,316832641129.65,3722274.0,85118.03298995453,9443806734.105257,2.980692488133124,Productive-capacity losses,792205252.7,0.25003902687407276,8.38862203563568,Preliminary: state productive losses and the incarceration concept are under review
2025,MT,316832641129.65,3722274.0,85118.03298995453,9443806734.105257,2.980692488133124,Insurance and material losses,519540229.89727,0.1639793892589087,5.501385664967161,Preliminary: state productive losses and the incarceration concept are under review
2025,MT,316832641129.65,3722274.0,85118.03298995453,9443806734.105257,2.980692488133124,Private security,1313772901.6320002,0.41465831833103195,13.91147593996662,Preliminary: state productive losses and the incarceration concept are under review
2025,MT,316832641129.65,3722274.0,85118.03298995453,9443806734.105257,2.980692488133124,Public security,3916386173.0,1.2361056484067843,41.4704184791966,Preliminary: state productive losses and the incarceration concept are under review
2025,PA,295406985947.91,9106465.0,32439.260014496293,15050953160.061579,5.094988905480915,Medical and therapeutic services,6976082.353,0.002361515700319326,0.04634977119928435,Preliminary: state productive losses and the incarceration concept are under review
2025,PA,295406985947.91,9106465.0,32439.260014496293,15050953160.061579,5.094988905480915,Incarceration and incarceration benefit,458537664.545478,0.15522234962525003,3.0465689426383276,Preliminary: state productive losses and the incarceration concept are under review
2025,PA,295406985947.91,9106465.0,32439.260014496293,15050953160.061579,5.094988905480915,Judicial costs,2589499330.31,0.8765870319555051,17.20488598144973,Preliminary: state productive losses and the incarceration concept are under review
2025,PA,295406985947.91,9106465.0,32439.260014496293,15050953160.061579,5.094988905480915,Productive-capacity losses,1497816321.0,0.5070348340591088,9.951637647604452,Preliminary: state productive losses and the incarceration concept are under review
2025,PA,295406985947.91,9106465.0,32439.260014496293,15050953160.061579,5.094988905480915,Insurance and material losses,2639225712.8571,0.8934202095418566,17.53527291454478,Preliminary: state productive losses and the incarceration concept are under review
2025,PA,295406985947.91,9106465.0,32439.260014496293,15050953160.061579,5.094988905480915,Private security,2365190839.9360003,0.8006550123879134,15.714558505252326,Preliminary: state productive losses and the incarceration concept are under review
2025,PA,295406985947.91,9106465.0,32439.260014496293,15050953160.061579,5.094988905480915,Public security,5493707209.059999,1.8597079522109614,36.50072623731109,Preliminary: state productive losses and the incarceration concept are under review
2025,PB,112527957417.65,4135286.0,27211.65051646972,7164856663.224762,6.367179168313025,Medical and therapeutic services,1994441.3965,0.0017723963380029968,0.027836445169055774,Preliminary: state productive losses and the incarceration concept are under review
2025,PB,112527957417.65,4135286.0,27211.65051646972,7164856663.224762,6.367179168313025,Incarceration and incarceration benefit,404681352.04267204,0.35962738623317253,5.648143027337729,Preliminary: state productive losses and the incarceration concept are under review
2025,PB,112527957417.65,4135286.0,27211.65051646972,7164856663.224762,6.367179168313025,Judicial costs,772244646.04,0.6862691403646446,10.778228823525797,Preliminary: state productive losses and the incarceration concept are under review
2025,PB,112527957417.65,4135286.0,27211.65051646972,7164856663.224762,6.367179168313025,Productive-capacity losses,499014737.5,0.4434584515276464,6.96475534620679,Preliminary: state productive losses and the incarceration concept are under review
2025,PB,112527957417.65,4135286.0,27211.65051646972,7164856663.224762,6.367179168313025,Insurance and material losses,2427555499.16759,2.157291001166638,33.881424476048,Preliminary: state productive losses and the incarceration concept are under review
2025,PB,112527957417.65,4135286.0,27211.65051646972,7164856663.224762,6.367179168313025,Private security,602735186.2980001,0.5356315000555241,8.412383033308593,Preliminary: state productive losses and the incarceration concept are under review
2025,PB,112527957417.65,4135286.0,27211.65051646972,7164856663.224762,6.367179168313025,Public security,2456630800.7799997,2.1831292926273957,34.28722884840404,Preliminary: state productive losses and the incarceration concept are under review
2025,PE,313892264138.7,9890556.0,31736.564065629882,18322671722.99344,5.837248577396343,Medical and therapeutic services,3459997.7651,0.0011022883200368155,0.018883696752357293,Preliminary: state productive losses and the incarceration concept are under review
2025,PE,313892264138.7,9890556.0,31736.564065629882,18322671722.99344,5.837248577396343,Incarceration and incarceration benefit,689557466.082042,0.21967966237528752,3.7634111253366194,Preliminary: state productive losses and the incarceration concept are under review
2025,PE,313892264138.7,9890556.0,31736.564065629882,18322671722.99344,5.837248577396343,Judicial costs,2188405520.5299997,0.697183642462436,11.943703154293441,Preliminary: state productive losses and the incarceration concept are under review
2025,PE,313892264138.7,9890556.0,31736.564065629882,18322671722.99344,5.837248577396343,Productive-capacity losses,1551683130.0,0.4943362125402223,8.468651043137807,Preliminary: state productive losses and the incarceration concept are under review
2025,PE,313892264138.7,9890556.0,31736.564065629882,18322671722.99344,5.837248577396343,Insurance and material losses,8196558006.4503,2.611264737262998,44.73451323239229,Preliminary: state productive losses and the incarceration concept are under review
2025,PE,313892264138.7,9890556.0,31736.564065629882,18322671722.99344,5.837248577396343,Private security,1650153295.9860003,0.5257069015427678,9.006073573403569,Preliminary: state productive losses and the incarceration concept are under review
2025,PE,313892264138.7,9890556.0,31736.564065629882,18322671722.99344,5.837248577396343,Public security,4042854306.1800003,1.2879751328925961,22.064764174683937,Preliminary: state productive losses and the incarceration concept are under review
2025,PI,93905842895.02,3313867.0,28337.23951354113,6531774115.256816,6.9556631556556825,Medical and therapeutic services,1472222.1396,0.001567764149932437,0.022539391497957754,Preliminary: state productive losses and the incarceration concept are under review
2025,PI,93905842895.02,3313867.0,28337.23951354113,6531774115.256816,6.9556631556556825,Incarceration and incarceration benefit,504426739.65414596,0.5371622511477362,7.722660501622582,Preliminary: state productive losses and the incarceration concept are under review
2025,PI,93905842895.02,3313867.0,28337.23951354113,6531774115.256816,6.9556631556556825,Judicial costs,1327563227.23,1.4137173857372436,20.324695921879762,Preliminary: state productive losses and the incarceration concept are under review
2025,PI,93905842895.02,3313867.0,28337.23951354113,6531774115.256816,6.9556631556556825,Productive-capacity losses,261708452.9,0.2786924059587765,4.006697847812978,Preliminary: state productive losses and the incarceration concept are under review
2025,PI,93905842895.02,3313867.0,28337.23951354113,6531774115.256816,6.9556631556556825,Insurance and material losses,1988486422.72307,2.117532159256645,30.443282141040278,Preliminary: state productive losses and the incarceration concept are under review
2025,PI,93905842895.02,3313867.0,28337.23951354113,6531774115.256816,6.9556631556556825,Private security,479260295.97,0.5103625942698568,7.337367880658201,Preliminary: state productive losses and the incarceration concept are under review
2025,PI,93905842895.02,3313867.0,28337.23951354113,6531774115.256816,6.9556631556556825,Public security,1968856754.64,2.096628595135492,30.14275631548824,Preliminary: state productive losses and the incarceration concept are under review
2025,PR,778616868775.64,11893264.0,65467.0466219904,22044833669.577164,2.8312812826984133,Medical and therapeutic services,4975567.9038,0.0006390264715975117,0.022570222022888303,Preliminary: state productive losses and the incarceration concept are under review
2025,PR,778616868775.64,11893264.0,65467.0466219904,22044833669.577164,2.8312812826984133,Incarceration and incarceration benefit,4372728230.499594,0.5616020414990012,19.83561453010258,Preliminary: state productive losses and the incarceration concept are under review
2025,PR,778616868775.64,11893264.0,65467.0466219904,22044833669.577164,2.8312812826984133,Judicial costs,3067967377.86,0.3940278590013493,13.916945003281787,Preliminary: state productive losses and the incarceration concept are under review
2025,PR,778616868775.64,11893264.0,65467.0466219904,22044833669.577164,2.8312812826984133,Productive-capacity losses,1699413031.0,0.21826049487886054,7.7088947754015695,Preliminary: state productive losses and the incarceration concept are under review
2025,PR,778616868775.64,11893264.0,65467.0466219904,22044833669.577164,2.8312812826984133,Insurance and material losses,1857566267.82377,0.23857256916932162,8.426311106113234,Preliminary: state productive losses and the incarceration concept are under review
2025,PR,778616868775.64,11893264.0,65467.0466219904,22044833669.577164,2.8312812826984133,Private security,3676723487.34,0.4722121539855124,16.67839069438768,Preliminary: state productive losses and the incarceration concept are under review
2025,PR,778616868775.64,11893264.0,65467.0466219904,22044833669.577164,2.8312812826984133,Public security,7365459707.15,0.9459671376927709,33.411273668690264,Preliminary: state productive losses and the incarceration concept are under review
2025,RJ,1361143848917.76,17805632.0,76444.56815224307,53864809006.210594,3.9573193567335503,Medical and therapeutic services,8361644.938999999,0.0006143101587424658,0.015523391047457171,Preliminary: state productive losses and the incarceration concept are under review
2025,RJ,1361143848917.76,17805632.0,76444.56815224307,53864809006.210594,3.9573193567335503,Incarceration and incarceration benefit,2183012684.41509,0.16038074786517198,4.052762322360392,Preliminary: state productive losses and the incarceration concept are under review
2025,RJ,1361143848917.76,17805632.0,76444.56815224307,53864809006.210594,3.9573193567335503,Judicial costs,5180422738.91,0.3805933328082064,9.617453091335939,Preliminary: state productive losses and the incarceration concept are under review
2025,RJ,1361143848917.76,17805632.0,76444.56815224307,53864809006.210594,3.9573193567335503,Productive-capacity losses,2196568211.0,0.16137664015059705,4.077928152955553,Preliminary: state productive losses and the incarceration concept are under review
2025,RJ,1361143848917.76,17805632.0,76444.56815224307,53864809006.210594,3.9573193567335503,Insurance and material losses,21433203077.1065,1.5746464338907276,39.79073438213669,Preliminary: state productive losses and the incarceration concept are under review
2025,RJ,1361143848917.76,17805632.0,76444.56815224307,53864809006.210594,3.9573193567335503,Private security,5491638239.4800005,0.4034575951576595,10.195224564607324,Preliminary: state productive losses and the incarceration concept are under review
2025,RJ,1361143848917.76,17805632.0,76444.56815224307,53864809006.210594,3.9573193567335503,Public security,17371602410.36,1.2762502967024458,32.25037409555664,Preliminary: state productive losses and the incarceration concept are under review
2025,RN,118071891809.3,3660428.0,32256.307680222097,5735362122.766879,4.857516920310012,Medical and therapeutic services,11415628.4349,0.009668370905191884,0.19903936648716475,Preliminary: state productive losses and the incarceration concept are under review
2025,RN,118071891809.3,3660428.0,32256.307680222097,5735362122.766879,4.857516920310012,Incarceration and incarceration benefit,458116835.30073,0.38799821725618033,7.987583442764782,Preliminary: state productive losses and the incarceration concept are under review
2025,RN,118071891809.3,3660428.0,32256.307680222097,5735362122.766879,4.857516920310012,Judicial costs,860476540.5999999,0.7287734001838225,15.003002812748027,Preliminary: state productive losses and the incarceration concept are under review
2025,RN,118071891809.3,3660428.0,32256.307680222097,5735362122.766879,4.857516920310012,Productive-capacity losses,432387784.7,0.36620721331234124,7.538979674598219,Preliminary: state productive losses and the incarceration concept are under review
2025,RN,118071891809.3,3660428.0,32256.307680222097,5735362122.766879,4.857516920310012,Insurance and material losses,1281601686.37725,1.0854418157771093,22.345610598672607,Preliminary: state productive losses and the incarceration concept are under review
2025,RN,118071891809.3,3660428.0,32256.307680222097,5735362122.766879,4.857516920310012,Private security,727315940.904,0.6159941453963496,12.681255783603863,Preliminary: state productive losses and the incarceration concept are under review
2025,RN,118071891809.3,3660428.0,32256.307680222097,5735362122.766879,4.857516920310012,Public security,1964047706.4499998,1.663433757479018,34.244528321125344,Preliminary: state productive losses and the incarceration concept are under review
2025,RO,88729125252.33,1885507.0,47058.49686706546,5640658687.868002,6.357167020216825,Medical and therapeutic services,975998.0482,0.0010999748339955268,0.017302909149585464,Preliminary: state productive losses and the incarceration concept are under review
2025,RO,88729125252.33,1885507.0,47058.49686706546,5640658687.868002,6.357167020216825,Incarceration and incarceration benefit,351702027.087978,0.3963772054416173,6.2351233526045995,Preliminary: state productive losses and the incarceration concept are under review
2025,RO,88729125252.33,1885507.0,47058.49686706546,5640658687.868002,6.357167020216825,Judicial costs,1585550017.1100001,1.786955537543028,28.109306108526305,Preliminary: state productive losses and the incarceration concept are under review
2025,RO,88729125252.33,1885507.0,47058.49686706546,5640658687.868002,6.357167020216825,Productive-capacity losses,311331734.8,0.3508788505630224,5.519421614174531,Preliminary: state productive losses and the incarceration concept are under review
2025,RO,88729125252.33,1885507.0,47058.49686706546,5640658687.868002,6.357167020216825,Insurance and material losses,606985142.813823,0.6840878246997975,10.760891172503207,Preliminary: state productive losses and the incarceration concept are under review
2025,RO,88729125252.33,1885507.0,47058.49686706546,5640658687.868002,6.357167020216825,Private security,469070462.2980001,0.528654442342406,8.315880968066418,Preliminary: state productive losses and the incarceration concept are under review
2025,RO,88729125252.33,1885507.0,47058.49686706546,5640658687.868002,6.357167020216825,Public security,2315043305.71,2.609113184792958,41.04207387497534,Preliminary: state productive losses and the incarceration concept are under review
2025,RR,29157904836.26,706235.0,41286.40585111188,2048627882.9643908,7.0259776704421215,Medical and therapeutic services,145299.58876,0.0004983197166461333,0.007092532029279503,Preliminary: state productive losses and the incarceration concept are under review
2025,RR,29157904836.26,706235.0,41286.40585111188,2048627882.9643908,7.0259776704421215,Incarceration and incarceration benefit,181094795.26713,0.6210830177411283,8.83980916070924,Preliminary: state productive losses and the incarceration concept are under review
2025,RR,29157904836.26,706235.0,41286.40585111188,2048627882.9643908,7.0259776704421215,Judicial costs,403528260.84000003,1.3839412094458274,19.6974894364949,Preliminary: state productive losses and the incarceration concept are under review
2025,RR,29157904836.26,706235.0,41286.40585111188,2048627882.9643908,7.0259776704421215,Productive-capacity losses,122492605.4,0.4201008477387972,5.979251108441989,Preliminary: state productive losses and the incarceration concept are under review
2025,RR,29157904836.26,706235.0,41286.40585111188,2048627882.9643908,7.0259776704421215,Insurance and material losses,153550805.796901,0.526618104624408,7.495300004152584,Preliminary: state productive losses and the incarceration concept are under review
2025,RR,29157904836.26,706235.0,41286.40585111188,2048627882.9643908,7.0259776704421215,Private security,165059999.0216,0.566090053275487,8.057100090952392,Preliminary: state productive losses and the incarceration concept are under review
2025,RR,29157904836.26,706235.0,41286.40585111188,2048627882.9643908,7.0259776704421215,Public security,1022756117.05,3.507646117899828,49.923957667219625,Preliminary: state productive losses and the incarceration concept are under review
2025,RS,754463909669.75,11615181.0,64954.98517584444,24487862001.094696,3.2457300723388767,Medical and therapeutic services,3384566.5747,0.00044860549740298645,0.013821404966055011,Preliminary: state productive losses and the incarceration concept are under review
2025,RS,754463909669.75,11615181.0,64954.98517584444,24487862001.094696,3.2457300723388767,Incarceration and incarceration benefit,1682573988.415068,0.2230158350651362,6.8710530479951695,Preliminary: state productive losses and the incarceration concept are under review
2025,RS,754463909669.75,11615181.0,64954.98517584444,24487862001.094696,3.2457300723388767,Judicial costs,7809764758.45,1.0351409336290922,31.892391251228364,Preliminary: state productive losses and the incarceration concept are under review
2025,RS,754463909669.75,11615181.0,64954.98517584444,24487862001.094696,3.2457300723388767,Productive-capacity losses,1123833530.0,0.14895789123855288,4.5893493272289785,Preliminary: state productive losses and the incarceration concept are under review
2025,RS,754463909669.75,11615181.0,64954.98517584444,24487862001.094696,3.2457300723388767,Insurance and material losses,2065050095.11493,0.2737109182623275,8.432953824317593,Preliminary: state productive losses and the incarceration concept are under review
2025,RS,754463909669.75,11615181.0,64954.98517584444,24487862001.094696,3.2457300723388767,Private security,3229263640.26,0.42802095618775715,13.187201235108398,Preliminary: state productive losses and the incarceration concept are under review
2025,RS,754463909669.75,11615181.0,64954.98517584444,24487862001.094696,3.2457300723388767,Public security,8573991422.28,1.1364349324586085,35.01322990915545,Preliminary: state productive losses and the incarceration concept are under review
2025,SC,595804161964.95,7661113.0,77769.92219863484,11162251729.062897,1.873476629006756,Medical and therapeutic services,2767371.6008,0.0004644767152470478,0.0247922342908166,Preliminary: state productive losses and the incarceration concept are under review
2025,SC,595804161964.95,7661113.0,77769.92219863484,11162251729.062897,1.873476629006756,Incarceration and incarceration benefit,1151615367.185706,0.19328756673798686,10.31705246520531,Preliminary: state productive losses and the incarceration concept are under review
2025,SC,595804161964.95,7661113.0,77769.92219863484,11162251729.062897,1.873476629006756,Judicial costs,2783406942.8199997,0.4671680932272075,24.935891165873887,Preliminary: state productive losses and the incarceration concept are under review
2025,SC,595804161964.95,7661113.0,77769.92219863484,11162251729.062897,1.873476629006756,Productive-capacity losses,555332725.8,0.09320725856773542,4.975095879213089,Preliminary: state productive losses and the incarceration concept are under review
2025,SC,595804161964.95,7661113.0,77769.92219863484,11162251729.062897,1.873476629006756,Insurance and material losses,631282862.336392,0.10595475873388231,5.655515371443697,Preliminary: state productive losses and the incarceration concept are under review
2025,SC,595804161964.95,7661113.0,77769.92219863484,11162251729.062897,1.873476629006756,Private security,1957622786.92,0.32856816247536774,17.537884240891852,Preliminary: state productive losses and the incarceration concept are under review
2025,SC,595804161964.95,7661113.0,77769.92219863484,11162251729.062897,1.873476629006756,Public security,4080223672.4,0.6848263125493292,36.55376864308136,Preliminary: state productive losses and the incarceration concept are under review
2025,SE,70579112399.89,2411922.0,29262.601526869443,4644623880.880221,6.580734331943031,Medical and therapeutic services,738931.5851,0.0010469550550782384,0.015909395551744056,Preliminary: state productive losses and the incarceration concept are under review
2025,SE,70579112399.89,2411922.0,29262.601526869443,4644623880.880221,6.580734331943031,Incarceration and incarceration benefit,302685688.67462397,0.42886015193794885,6.5169041980049585,Preliminary: state productive losses and the incarceration concept are under review
2025,SE,70579112399.89,2411922.0,29262.601526869443,4644623880.880221,6.580734331943031,Judicial costs,1232200463.3,1.7458429575007242,26.529607023130595,Preliminary: state productive losses and the incarceration concept are under review
2025,SE,70579112399.89,2411922.0,29262.601526869443,4644623880.880221,6.580734331943031,Productive-capacity losses,245639924.5,0.34803487341728434,5.288693569164696,Preliminary: state productive losses and the incarceration concept are under review
2025,SE,70579112399.89,2411922.0,29262.601526869443,4644623880.880221,6.580734331943031,Insurance and material losses,418149975.184497,0.5924557010795573,9.002881307694858,Preliminary: state productive losses and the incarceration concept are under review
2025,SE,70579112399.89,2411922.0,29262.601526869443,4644623880.880221,6.580734331943031,Private security,423690746.70600003,0.6003061420005338,9.122175607160353,Preliminary: state productive losses and the incarceration concept are under review
2025,SE,70579112399.89,2411922.0,29262.601526869443,4644623880.880221,6.580734331943031,Public security,2021518150.93,2.864187550951903,43.52382889929279,Preliminary: state productive losses and the incarceration concept are under review
2025,SP,3997784632003.41,47966292.0,83345.7093578009,86388968003.14946,2.1609210088903,Medical and therapeutic services,25329408.725,0.0006335861247309531,0.02932018903626279,Preliminary: state productive losses and the incarceration concept are under review
2025,SP,3997784632003.41,47966292.0,83345.7093578009,86388968003.14946,2.1609210088903,Incarceration and incarceration benefit,4827504277.910562,0.12075448585361524,5.588102728272626,Preliminary: state productive losses and the incarceration concept are under review
2025,SP,3997784632003.41,47966292.0,83345.7093578009,86388968003.14946,2.1609210088903,Judicial costs,12290302418.95,0.30742782691600273,14.226703597734765,Preliminary: state productive losses and the incarceration concept are under review
2025,SP,3997784632003.41,47966292.0,83345.7093578009,86388968003.14946,2.1609210088903,Productive-capacity losses,2436630804.0,0.06094952650760806,2.820534682057052,Preliminary: state productive losses and the incarceration concept are under review
2025,SP,3997784632003.41,47966292.0,83345.7093578009,86388968003.14946,2.1609210088903,Insurance and material losses,27525742483.6839,0.6885248960970146,31.862566621562603,Preliminary: state productive losses and the incarceration concept are under review
2025,SP,3997784632003.41,47966292.0,83345.7093578009,86388968003.14946,2.1609210088903,Private security,20906189136.72,0.5229443569661051,24.20006815680195,Preliminary: state productive losses and the incarceration concept are under review
2025,SP,3997784632003.41,47966292.0,83345.7093578009,86388968003.14946,2.1609210088903,Public security,18377269473.160004,0.4596863304252236,21.27270402453474,Preliminary: state productive losses and the incarceration concept are under review
2025,TO,74642145046.84,1672538.0,44628.07125867394,2993788283.5840898,4.010855102978894,Medical and therapeutic services,956329.0295,0.0012812185781904812,0.031943776209689294,Preliminary: state productive losses and the incarceration concept are under review
2025,TO,74642145046.84,1672538.0,44628.07125867394,2993788283.5840898,4.010855102978894,Incarceration and incarceration benefit,333454415.9058,0.4467374506675125,11.138209663463462,Preliminary: state productive losses and the incarceration concept are under review
2025,TO,74642145046.84,1672538.0,44628.07125867394,2993788283.5840898,4.010855102978894,Judicial costs,563293870.8199999,0.7546592752211468,18.815421047263847,Preliminary: state productive losses and the incarceration concept are under review
2025,TO,74642145046.84,1672538.0,44628.07125867394,2993788283.5840898,4.010855102978894,Productive-capacity losses,183683427.4,0.24608540829679212,6.135484877377459,Preliminary: state productive losses and the incarceration concept are under review
2025,TO,74642145046.84,1672538.0,44628.07125867394,2993788283.5840898,4.010855102978894,Insurance and material losses,192500869.81419,0.2578983625047089,6.430009458909789,Preliminary: state productive losses and the incarceration concept are under review
2025,TO,74642145046.84,1672538.0,44628.07125867394,2993788283.5840898,4.010855102978894,Private security,195694709.1446,0.26217723113637237,6.536691663123189,Preliminary: state productive losses and the incarceration concept are under review
2025,TO,74642145046.84,1672538.0,44628.07125867394,2993788283.5840898,4.010855102978894,Public security,1524204661.47,2.042016156574171,50.91223951365257,Preliminary: state productive losses and the incarceration concept are under review
